Year		Days with AQI	Good Days	Moderate Days	Unhealthy for Sensitive Groups Days	Unhealthy Days	Very Unhealthy Days	Hazardous Days	Max AQI	90th Percentile AQI	Median AQI	Days CO	Days NO2	Days Ozone	Days PM2.5	Days PM10	Total Average Percentage of EV Sales	Total Average Percentage of Vehicle Sales	Total Average Percentage of Non-EV Vehicle Sales
2010	AK	262.125	222.0	35.0	4.125	1.0	0.0	0.0	88.5	44.875	19.75	2.375	0.0	59.375	191.0	9.375	0.045111826982829166	2.9030441627369803	2.857932335754151
2010	AL	282.2631578947368	164.89473684210526	113.05263157894737	4.0	0.3157894736842105	0.0	0.0	112.26315789473684	70.3157894736842	46.1578947368421	0.05263157894736842	0.0	131.05263157894737	142.26315789473685	8.894736842105264	0.037186254384561836	3.168791693936107	3.131605439551545
2010	AR	208.23529411764707	138.52941176470588	67.3529411764706	2.235294117647059	0.11764705882352941	0.0	0.0	100.0	63.94117647058823	43.705882352941174	0.0	2.9411764705882355	110.3529411764706	94.94117647058823	0.0	0.04918869243036895	3.48272388010183	3.433535187671461
2010	AZ	309.53846153846155	199.07692307692307	102.23076923076923	7.923076923076923	0.15384615384615385	0.0	0.15384615384615385	233.46153846153845	70.38461538461539	42.92307692307692	0.0	5.615384615384615	191.23076923076923	22.76923076923077	89.92307692307692	0.08373759176784494	2.5724699133060507	2.4887323215382056
2010	CA	350.39622641509436	221.9433962264151	102.33962264150944	19.88679245283019	5.320754716981132	0.4716981132075472	0.4339622641509434	305.60377358490564	80.60377358490567	45.301886792452834	0.1509433962264151	8.90566037735849	222.54716981132074	105.94339622641509	12.849056603773585	0.2174010796643374	3.143888401403017	2.9264873217386795
2010	CO	275.125	197.46875	72.25	5.125	0.28125	0.0	0.0	118.21875	60.78125	36.5	0.78125	7.1875	177.875	21.1875	68.09375	0.0841599594839887	2.971371179458155	2.887211219974166
2010	CT	313.625	238.25	63.625	10.625	1.125	0.0	0.0	152.625	74.125	39.75	2.875	24.375	208.25	78.125	0.0	0.17233854871174345	4.435339077376359	4.263000528664615
2010	DE	325.3333333333333	190.66666666666666	112.66666666666667	18.0	4.0	0.0	0.0	168.0	91.33333333333333	46.666666666666664	0.0	4.0	233.66666666666666	87.66666666666667	0.0	0.13391834869839905	4.345972779206874	4.212054430508474
2010	FL	346.8918918918919	264.9189189189189	79.94594594594595	1.864864864864865	0.16216216216216217	0.0	0.0	112.16216216216216	58.648648648648646	40.351351351351354	0.0	0.8378378378378378	215.7027027027027	120.24324324324324	10.108108108108109	0.10017901457228927	3.662858180645204	3.5626791660729147
2010	GA	294.6875	169.78125	120.6875	3.6875	0.5	0.03125	0.0	131.5625	71.34375	46.3125	0.125	4.46875	112.21875	176.40625	1.46875	0.052046763290528646	3.1813360980644427	3.129289334773914
2010	HI	357.6666666666667	221.66666666666666	130.66666666666666	4.333333333333333	1.0	0.0	0.0	128.0	58.333333333333336	40.333333333333336	0.0	0.3333333333333333	28.0	326.3333333333333	3.0	0.12052467573941512	2.3357984120821067	2.2152737363426915
2010	IA	266.6	182.4	80.95	3.1	0.15	0.0	0.0	107.5	62.95	39.4	0.0	0.4	88.9	140.05	37.25	0.06294333688679941	3.4621724872790547	3.399229150392255
2010	ID	272.5882352941176	228.41176470588235	41.294117647058826	2.7058823529411766	0.17647058823529413	0.0	0.0	98.23529411764706	50.11764705882353	28.176470588235293	0.0	0.9411764705882353	46.94117647058823	180.1764705882353	44.529411764705884	0.0675833124768286	2.458425347701042	2.390842035224213
2010	IL	327.64	241.92	81.2	4.4	0.12	0.0	0.0	110.6	63.4	40.24	1.8	4.4	228.04	87.0	6.4	0.07921972017743975	4.003269097715575	3.924049377538135
2010	IN	240.81578947368422	136.78947368421052	99.92105263157895	4.052631578947368	0.05263157894736842	0.0	0.0	112.92105263157895	75.3157894736842	47.5	0.47368421052631576	1.0263157894736843	119.36842105263158	119.10526315789474	0.8421052631578947	0.07471653053473847	3.567447995719101	3.4927314651843626
2010	KS	284.64285714285717	229.28571428571428	52.857142857142854	2.5	0.0	0.0	0.0	103.0	55.642857142857146	33.357142857142854	0.0	7.0	191.57142857142858	45.785714285714285	40.285714285714285	0.05056951398001109	3.2854910691525174	3.234921555172506
2010	KY	284.03125	187.25	91.34375	5.3125	0.125	0.0	0.0	116.40625	70.71875	43.84375	0.3125	2.34375	192.8125	85.6875	2.875	0.053047147081875475	3.465485560824679	3.4124384137428034
2010	LA	321.0869565217391	216.6086956521739	96.91304347826087	7.217391304347826	0.34782608695652173	0.0	0.0	127.17391304347827	68.56521739130434	42.17391304347826	0.0	3.0869565217391304	201.47826086956522	116.3913043478261	0.13043478260869565	0.03212229123260653	3.7923928260264836	3.760270534793877
2010	MA	326.9166666666667	247.33333333333334	73.25	5.75	0.5833333333333334	0.0	0.0	145.08333333333334	65.16666666666667	38.75	0.16666666666666666	8.75	186.25	131.5	0.25	0.23605910919841758	4.949111099423358	4.71305199022494
2010	MD	296.3125	175.1875	102.125	16.125	2.75	0.125	0.0	173.4375	89.3125	46.375	0.1875	5.6875	203.25	87.1875	0.0	0.15953996784587404	4.430112711426621	4.270572743580747
2010	ME	307.25	279.5833333333333	25.5	1.5833333333333333	0.5833333333333334	0.0	0.0	125.5	48.5	34.083333333333336	0.0	1.6666666666666667	232.75	68.75	4.083333333333333	0.1404992169081214	4.462469973269181	4.321970756361059
2010	MI	240.82142857142858	184.5	52.67857142857143	3.5357142857142856	0.10714285714285714	0.0	0.0	119.46428571428571	65.60714285714286	38.32142857142857	0.03571428571428571	1.6071428571428572	179.14285714285714	59.892857142857146	0.14285714285714285	0.06961444227301516	3.8955376602375775	3.8259232179645624
2010	MN	284.5238095238095	227.42857142857142	55.19047619047619	1.9047619047619047	0.0	0.0	0.0	106.57142857142857	56.095238095238095	33.142857142857146	0.8571428571428571	10.857142857142858	109.04761904761905	160.52380952380952	3.238095238095238	0.06837207107181163	3.3497448586914764	3.2813727876196648
2010	MO	288.9047619047619	189.0952380952381	92.9047619047619	6.619047619047619	0.2857142857142857	0.0	0.0	126.23809523809524	75.19047619047619	43.904761904761905	0.3333333333333333	12.476190476190476	159.23809523809524	104.57142857142857	12.285714285714286	0.05391665302754142	3.2721483755562835	3.218231722528742
2010	MS	294.6923076923077	192.07692307692307	99.07692307692308	3.5384615384615383	0.0	0.0	0.0	114.07692307692308	64.84615384615384	44.30769230769231	0.0	6.230769230769231	125.3076923076923	163.15384615384616	0.0	0.03067463166298458	3.445196338103473	3.4145217064404885
2010	MT	286.3157894736842	235.73684210526315	45.78947368421053	4.2631578947368425	0.5263157894736842	0.0	0.0	100.21052631578948	52.10526315789474	27.894736842105264	3.1052631578947367	1.368421052631579	58.473684210526315	191.68421052631578	31.68421052631579	0.04094132288972031	2.5228517160401305	2.48191039315041
2010	NC	280.8888888888889	181.57777777777778	93.68888888888888	5.377777777777778	0.24444444444444444	0.0	0.0	120.31111111111112	71.42222222222222	44.08888888888889	0.0	0.6222222222222222	150.88888888888889	129.24444444444444	0.13333333333333333	0.09432502218547205	3.4989081619704887	3.4045831397850166
2010	ND	304.1111111111111	268.44444444444446	35.55555555555556	0.1111111111111111	0.0	0.0	0.0	87.66666666666667	47.666666666666664	34.44444444444444	0.2222222222222222	15.222222222222221	225.0	60.77777777777778	2.888888888888889	0.027692501514867483	3.2954285969498494	3.267736095434982
2010	NE	210.27272727272728	175.0	34.0	1.1818181818181819	0.09090909090909091	0.0	0.0	101.18181818181819	50.54545454545455	29.818181818181817	9.0	0.0	70.36363636363636	84.63636363636364	46.27272727272727	0.035845086495523745	3.0507013199166977	3.014856233421174
2010	NH	324.42857142857144	265.85714285714283	55.142857142857146	3.2857142857142856	0.14285714285714285	0.0	0.0	124.0	60.42857142857143	38.285714285714285	0.14285714285714285	1.4285714285714286	263.7142857142857	59.0	0.14285714285714285	0.15946026512508102	4.71399323297421	4.554532967849129
2010	NJ	346.9375	238.6875	92.3125	13.625	2.25	0.0625	0.0	161.8125	79.8125	40.8125	6.4375	30.875	219.125	90.0	0.5	0.12730368212909063	4.446581638389924	4.319277956260834
2010	NM	274.44444444444446	217.0	55.388888888888886	1.4444444444444444	0.16666666666666666	0.1111111111111111	0.3333333333333333	140.27777777777777	44.611111111111114	30.333333333333332	0.0	4.444444444444445	164.33333333333334	71.66666666666667	34.0	0.0866195829164112	3.1264924516822687	3.0398728687658574
2010	NV	291.8	235.8	52.0	4.0	0.0	0.0	0.0	98.6	55.2	32.6	33.9	6.6	149.8	12.5	89.0	0.0682108543116832	2.756657709659297	2.6884468553476135
2010	NY	357.4117647058824	284.8235294117647	65.94117647058823	6.176470588235294	0.4411764705882353	0.029411764705882353	0.0	130.41176470588235	61.94117647058823	37.11764705882353	0.5	12.676470588235293	260.70588235294116	83.52941176470588	0.0	0.12219579742995004	4.513251016388427	4.391055218958477
2010	OH	297.925	166.15	121.45	9.9	0.425	0.0	0.0	134.15	77.85	46.375	0.2	3.275	161.275	122.75	10.425	0.06965390403787934	3.726709289470672	3.6570553854327925
2010	OK	321.9166666666667	236.79166666666666	83.16666666666667	1.9166666666666667	0.041666666666666664	0.0	0.0	108.79166666666667	63.375	40.25	0.0	1.9166666666666667	215.58333333333334	92.91666666666667	11.5	0.04341067572164471	3.497996430512675	3.4545857547910304
2010	OR	357.75	308.0416666666667	48.666666666666664	0.9166666666666666	0.125	0.0	0.0	108.33333333333333	52.458333333333336	25.416666666666668	0.041666666666666664	0.4583333333333333	54.375	302.5416666666667	0.3333333333333333	0.1445403932606242	2.650040429807405	2.5055000365467808
2010	PA	334.8333333333333	202.86111111111111	118.30555555555556	12.38888888888889	1.2777777777777777	0.0	0.0	150.58333333333334	80.16666666666667	45.166666666666664	1.0833333333333333	11.694444444444445	169.61111111111111	135.72222222222223	16.72222222222222	0.07566867236980737	3.9122039094374066	3.8365352370675994
2010	RI	310.0	242.33333333333334	60.666666666666664	6.333333333333333	0.6666666666666666	0.0	0.0	143.33333333333334	68.33333333333333	39.333333333333336	0.0	11.666666666666666	186.33333333333334	111.66666666666667	0.3333333333333333	0.17987864860598304	4.7810295345939995	4.601150885988017
2010	SC	325.5	243.95	78.5	3.05	0.0	0.0	0.0	110.95	64.15	40.75	0.0	0.8	239.2	66.05	19.45	0.0572785092581909	3.218663104701933	3.1613845954437423
2010	SD	337.44444444444446	288.44444444444446	48.44444444444444	0.4444444444444444	0.1111111111111111	0.0	0.0	105.66666666666667	56.0	34.666666666666664	0.0	0.7777777777777778	187.22222222222223	91.33333333333333	58.111111111111114	0.029854110159065337	2.931949095496479	2.902094985337414
2010	TN	275.0416666666667	188.25	78.08333333333333	8.625	0.08333333333333333	0.0	0.0	114.625	71.875	41.291666666666664	0.3333333333333333	28.291666666666668	175.29166666666666	44.333333333333336	26.791666666666668	0.05977479411861557	3.219739038238636	3.15996424412002
2010	TX	339.06666666666666	260.6	72.17777777777778	5.5777777777777775	0.7111111111111111	0.0	0.0	119.31111111111112	61.75555555555555	38.2	0.08888888888888889	3.8222222222222224	198.24444444444444	136.0888888888889	0.8222222222222222	0.04604585819828444	3.896919953172933	3.8508740949746487
2010	UT	307.53846153846155	191.84615384615384	102.6923076923077	9.0	2.8461538461538463	1.0769230769230769	0.07692307692307693	167.3846153846154	72.0	41.61538461538461	0.0	20.923076923076923	188.23076923076923	94.6923076923077	3.6923076923076925	0.07923601572395826	2.8663152286853646	2.787079212961406
2010	VA	238.0	172.02564102564102	60.92307692307692	4.410256410256411	0.6410256410256411	0.0	0.0	113.71794871794872	62.05128205128205	36.05128205128205	2.7948717948717947	35.666666666666664	131.5897435897436	57.46153846153846	10.487179487179487	0.1234615224882988	3.7245717154597697	3.601110192971471
2010	VT	364.6666666666667	293.6666666666667	69.33333333333333	1.3333333333333333	0.3333333333333333	0.0	0.0	123.0	60.333333333333336	34.333333333333336	0.6666666666666666	25.666666666666668	170.0	168.33333333333334	0.0	0.1929048685043509	4.748419342066659	4.555514473562308
2010	WA	353.73333333333335	317.8	35.333333333333336	0.43333333333333335	0.1	0.06666666666666667	0.0	86.76666666666667	46.6	23.766666666666666	0.13333333333333333	0.4	46.9	301.73333333333335	4.566666666666666	0.1492251199724497	2.741993626247558	2.5927685062751085
2010	WI	236.96969696969697	193.72727272727272	40.18181818181818	2.696969696969697	0.36363636363636365	0.0	0.0	115.57575757575758	60.15151515151515	37.90909090909091	0.0	1.393939393939394	185.57575757575756	49.666666666666664	0.3333333333333333	0.09285186180698049	3.6727216835328136	3.579869821725833
2010	WV	265.93333333333334	177.2	84.6	4.0	0.13333333333333333	0.0	0.0	122.26666666666667	69.66666666666667	43.333333333333336	1.2666666666666666	0.0	141.0	95.0	28.666666666666668	0.03856088986103011	3.5906840351588136	3.5521231452977835
2010	WY	276.0	221.66666666666666	53.55555555555556	0.7777777777777778	0.0	0.0	0.0	89.05555555555556	49.833333333333336	32.111111111111114	0.2222222222222222	3.9444444444444446	166.44444444444446	33.05555555555556	72.33333333333333	0.0526102175627407	3.169364166669063	3.116753949106322
2011	AK	274.5	235.25	34.875	3.625	0.625	0.125	0.0	98.25	44.625	22.375	2.125	0.0	75.625	176.25	20.5	0.017002487921228146	3.0735892504214855	3.0565867625002574
2011	AL	248.52631578947367	171.78947368421052	72.42105263157895	3.9473684210526314	0.3684210526315789	0.0	0.0	111.52631578947368	69.42105263157895	42.78947368421053	0.10526315789473684	0.0	158.6315789473684	85.05263157894737	4.7368421052631575	0.03084982351338881	3.680082081594751	3.649232258081362
2011	AR	202.23529411764707	139.88235294117646	59.11764705882353	3.1176470588235294	0.11764705882352941	0.0	0.0	98.23529411764706	63.94117647058823	42.76470588235294	0.0	3.0	108.76470588235294	90.47058823529412	0.0	0.03048969166827599	3.9295862642824257	3.8990965726141495
2011	AZ	320.61538461538464	185.69230769230768	114.53846153846153	16.076923076923077	2.076923076923077	1.0	1.2307692307692308	312.7692307692308	80.6923076923077	45.84615384615385	0.0	3.1538461538461537	173.92307692307693	27.846153846153847	115.6923076923077	0.05272861668794227	2.948668837068053	2.895940220380111
2011	CA	345.74074074074076	193.27777777777777	120.37037037037037	24.333333333333332	7.018518518518518	0.37037037037037035	0.37037037037037035	471.037037037037	88.44444444444444	49.425925925925924	0.2777777777777778	6.907407407407407	197.46296296296296	129.25925925925927	11.833333333333334	0.1460666447228781	3.4594685038407404	3.3134018591178624
2011	CO	285.15625	190.53125	85.34375	8.8125	0.40625	0.03125	0.03125	129.625	66.34375	38.8125	0.4375	7.96875	194.40625	17.6875	64.65625	0.04234212493858748	3.49056288544443	3.4482207605058424
2011	CT	281.375	222.125	50.875	5.875	2.5	0.0	0.0	164.0	65.75	39.5	7.625	25.0	190.0	58.75	0.0	0.09325458362751654	5.012568098587186	4.919313514959669
2011	DE	365.0	250.0	102.0	10.666666666666666	2.3333333333333335	0.0	0.0	177.0	75.0	44.0	0.0	0.3333333333333333	271.3333333333333	93.33333333333333	0.0	0.0982820898829944	4.928235340715849	4.829953250832855
2011	FL	347.8421052631579	276.1842105263158	68.15789473684211	3.3157894736842106	0.18421052631578946	0.0	0.0	116.57894736842105	58.55263157894737	38.71052631578947	0.05263157894736842	0.39473684210526316	227.8684210526316	109.73684210526316	9.789473684210526	0.07604692992925144	4.234449046449656	4.158402116520405
2011	GA	292.6875	166.84375	117.625	7.78125	0.4375	0.0	0.0	128.625	75.65625	46.71875	0.03125	4.53125	113.9375	172.875	1.3125	0.041464919466598284	3.7055659047723246	3.6641009853057263
2011	HI	331.0	251.0	79.75	0.25	0.0	0.0	0.0	75.75	48.75	32.25	1.25	13.5	32.5	282.25	1.5	0.10019935145710986	2.5609788340326842	2.460779482575574
2011	IA	267.65	179.4	88.05	0.2	0.0	0.0	0.0	94.85	62.55	41.2	0.0	0.3	81.0	163.45	22.9	0.03691788488193901	4.093874155709678	4.0569562708277385
2011	ID	315.3125	275.3125	37.125	2.5	0.375	0.0	0.0	93.125	47.5	25.4375	0.6875	0.625	60.6875	193.0625	60.25	0.03767389410599056	2.910690692186775	2.8730167980807844
2011	IL	332.0	248.43478260869566	78.43478260869566	4.391304347826087	0.7391304347826086	0.0	0.0	134.56521739130434	63.08695652173913	40.65217391304348	4.739130434782608	2.652173913043478	253.6086956521739	70.73913043478261	0.2608695652173913	0.04971933958122954	4.558359013138014	4.508639673556784
2011	IN	247.72972972972974	149.05405405405406	92.78378378378379	5.513513513513513	0.3783783783783784	0.0	0.0	127.70270270270271	74.0	45.67567567567568	1.4594594594594594	1.054054054054054	122.02702702702703	121.94594594594595	1.2432432432432432	0.051950733252315875	4.027930984575319	3.9759802513230027
2011	KS	274.5	202.64285714285714	65.21428571428571	6.571428571428571	0.07142857142857142	0.0	0.0	120.07142857142857	65.21428571428571	35.357142857142854	0.07142857142857142	8.714285714285714	185.07142857142858	46.214285714285715	34.42857142857143	0.03279871401220767	3.855901992504921	3.8231032784927135
2011	KY	290.4	205.23333333333332	80.23333333333333	4.5	0.43333333333333335	0.0	0.0	124.73333333333333	67.96666666666667	42.233333333333334	0.1	3.1	190.73333333333332	94.2	2.2666666666666666	0.03704793559629002	3.8831489659561385	3.8461010303598484
2011	LA	338.3181818181818	229.54545454545453	99.0909090909091	8.909090909090908	0.7727272727272727	0.0	0.0	137.4090909090909	71.36363636363636	42.27272727272727	0.0	2.1363636363636362	212.04545454545453	123.68181818181819	0.45454545454545453	0.02115519561827484	4.681462515984778	4.6603073203665035
2011	MA	329.75	245.66666666666666	79.5	3.9166666666666665	0.5833333333333334	0.08333333333333333	0.0	142.08333333333334	62.083333333333336	40.083333333333336	0.08333333333333333	9.166666666666666	176.08333333333334	144.41666666666666	0.0	0.13504728074417832	5.458325277416714	5.323277996672536
2011	MD	304.6	191.0	98.26666666666667	12.2	2.933333333333333	0.2	0.0	166.13333333333333	82.0	45.266666666666666	0.6	7.0	181.73333333333332	114.86666666666666	0.4	0.1132705777648879	5.0699141563095065	4.956643578544619
2011	ME	273.9166666666667	247.5	25.083333333333332	1.0833333333333333	0.25	0.0	0.0	104.33333333333333	49.333333333333336	33.083333333333336	0.0	1.5833333333333333	210.41666666666666	58.333333333333336	3.5833333333333335	0.08602215329412284	4.80721130524902	4.721189151954897
2011	MI	245.07142857142858	192.64285714285714	46.07142857142857	5.571428571428571	0.7857142857142857	0.0	0.0	140.75	64.92857142857143	37.67857142857143	0.0	1.5357142857142858	178.5	64.85714285714286	0.17857142857142858	0.04104246858004154	4.180097671348898	4.139055202768857
2011	MN	282.4761904761905	229.8095238095238	51.523809523809526	1.0952380952380953	0.047619047619047616	0.0	0.0	100.76190476190476	54.57142857142857	33.95238095238095	0.9523809523809523	3.142857142857143	119.28571428571429	154.71428571428572	4.380952380952381	0.038007062621850635	4.028915736741146	3.990908674119295
2011	MO	291.5238095238095	188.8095238095238	93.0	8.904761904761905	0.8095238095238095	0.0	0.0	137.0952380952381	75.04761904761905	44.95238095238095	0.0	4.0	176.52380952380952	96.0952380952381	14.904761904761905	0.038025921179658334	3.6990569326348366	3.661031011455178
2011	MS	292.3076923076923	195.69230769230768	94.07692307692308	2.5384615384615383	0.0	0.0	0.0	107.15384615384616	65.07692307692308	43.38461538461539	0.0	6.3076923076923075	124.76923076923077	161.23076923076923	0.0	0.02179732832629377	3.8604860534222523	3.8386887250959587
2011	MT	285.3888888888889	233.05555555555554	48.0	3.8333333333333335	0.5	0.0	0.0	95.83333333333333	49.666666666666664	27.5	1.3888888888888888	1.5555555555555556	65.16666666666667	182.94444444444446	34.333333333333336	0.018739644331066445	3.276493359493086	3.2577537151620195
2011	NC	278.8666666666667	184.66666666666666	89.11111111111111	4.7555555555555555	0.3333333333333333	0.0	0.0	120.0	71.17777777777778	43.733333333333334	0.0	0.37777777777777777	150.26666666666668	128.22222222222223	0.0	0.06426926068876955	3.956380974861402	3.8921117141726325
2011	ND	346.375	318.375	27.875	0.0	0.0	0.125	0.0	97.25	49.125	36.625	0.25	5.625	249.875	83.25	7.375	0.012536163573472228	4.579691964397128	4.567155800823656
2011	NE	218.72727272727272	176.1818181818182	42.09090909090909	0.45454545454545453	0.0	0.0	0.0	88.54545454545455	51.81818181818182	30.272727272727273	10.181818181818182	0.0	67.72727272727273	99.0909090909091	41.72727272727273	0.020890026719300223	3.765106095472669	3.744216068753369
2011	NH	324.14285714285717	257.2857142857143	65.14285714285714	1.4285714285714286	0.2857142857142857	0.0	0.0	117.85714285714286	59.714285714285715	39.142857142857146	0.8571428571428571	0.0	243.71428571428572	79.57142857142857	0.0	0.10425722701335405	5.340249597137515	5.23599237012416
2011	NJ	349.875	250.75	88.0625	9.1875	1.875	0.0	0.0	158.0	68.25	41.4375	3.1875	29.875	191.5625	124.25	1.0	0.08034622526337724	4.832031652424924	4.751685427161546
2011	NM	273.0	196.44444444444446	70.88888888888889	4.833333333333333	0.3333333333333333	0.1111111111111111	0.3888888888888889	175.61111111111111	55.94444444444444	32.611111111111114	0.0	5.111111111111111	157.05555555555554	76.27777777777777	34.55555555555556	0.05139880592173239	3.5311691410976533	3.479770335175921
2011	NV	300.1	235.6	58.1	6.2	0.2	0.0	0.0	110.4	53.5	33.0	33.5	5.4	148.7	16.9	95.6	0.038878553098865044	3.2936958814842754	3.2548173283854105
2011	NY	345.7352941176471	281.3529411764706	60.5	3.2941176470588234	0.5588235294117647	0.029411764705882353	0.0	130.6764705882353	55.76470588235294	37.5	1.1176470588235294	9.941176470588236	240.05882352941177	94.61764705882354	0.0	0.08065051251406707	5.109813749778595	5.029163237264528
2011	OH	299.1025641025641	190.3846153846154	99.0	9.051282051282051	0.6666666666666666	0.0	0.0	134.82051282051282	73.56410256410257	42.64102564102564	1.3076923076923077	3.5128205128205128	150.64102564102564	134.69230769230768	8.948717948717949	0.04812074463725049	4.291250535000039	4.243129790362788
2011	OK	328.04347826086956	199.34782608695653	108.6086956521739	19.130434782608695	0.9565217391304348	0.0	0.0	146.04347826086956	86.56521739130434	45.26086956521739	0.0	3.652173913043478	242.34782608695653	64.8695652173913	17.17391304347826	0.028197827561373907	4.323112034860198	4.294914207298825
2011	OR	328.36	266.84	57.68	3.4	0.44	0.0	0.0	117.4	59.96	25.84	0.0	0.12	52.84	275.2	0.2	0.08582676810360855	2.9859477400617784	2.9001209719581698
2011	PA	344.97297297297297	219.86486486486487	116.64864864864865	7.8108108108108105	0.6486486486486487	0.0	0.0	135.13513513513513	70.51351351351352	44.432432432432435	0.16216216216216217	6.378378378378378	184.02702702702703	147.78378378378378	6.621621621621622	0.053557167973521426	4.575111905418053	4.521554737444531
2011	RI	314.6666666666667	243.66666666666666	64.66666666666667	6.333333333333333	0.0	0.0	0.0	140.0	68.66666666666667	40.0	0.0	3.6666666666666665	211.66666666666666	99.33333333333333	0.0	0.11091594722120184	4.973401518050382	4.86248557082918
2011	SC	295.5	205.3	86.05	3.95	0.2	0.0	0.0	119.7	66.9	42.9	0.0	1.25	185.8	89.45	19.0	0.04452854174864639	3.583041508853891	3.5385129671052447
2011	SD	334.0	296.22222222222223	37.44444444444444	0.3333333333333333	0.0	0.0	0.0	87.11111111111111	52.0	33.888888888888886	0.0	9.666666666666666	190.66666666666666	79.44444444444444	54.22222222222222	0.023851250830107893	3.7993323660137506	3.7754811151836427
2011	TN	284.1666666666667	201.08333333333334	76.04166666666667	6.666666666666667	0.375	0.0	0.0	116.08333333333333	68.04166666666667	40.208333333333336	0.20833333333333334	32.666666666666664	183.625	41.625	26.041666666666668	0.04350252745468394	3.5513778499186857	3.5078753224640016
2011	TX	334.8666666666667	227.93333333333334	92.86666666666666	12.11111111111111	1.9111111111111112	0.044444444444444446	0.0	146.73333333333332	77.42222222222222	41.51111111111111	0.022222222222222223	4.022222222222222	202.62222222222223	126.88888888888889	1.3111111111111111	0.0341390980611418	4.940607861741082	4.90646876367994
2011	UT	310.1333333333333	200.4	99.46666666666667	7.466666666666667	2.2	0.6	0.0	134.93333333333334	70.13333333333334	41.8	0.0	23.8	219.93333333333334	65.13333333333334	1.2666666666666666	0.04286376075102001	3.3680048792492143	3.3251411184981943
2011	VA	252.71052631578948	199.60526315789474	49.31578947368421	3.3684210526315788	0.42105263157894735	0.0	0.0	105.21052631578948	56.21052631578947	33.31578947368421	0.5526315789473685	43.21052631578947	127.65789473684211	70.13157894736842	11.157894736842104	0.08342319346771424	4.14657835625282	4.0631551627851055
2011	VT	274.0	206.0	65.75	2.25	0.0	0.0	0.0	93.0	49.25	31.0	2.25	3.25	107.5	161.0	0.0	0.10514173564678979	5.36533385442951	5.2601921187827205
2011	WA	348.2	301.43333333333334	44.766666666666666	1.5666666666666667	0.43333333333333335	0.0	0.0	98.53333333333333	50.666666666666664	24.266666666666666	0.3333333333333333	1.0666666666666667	45.8	291.96666666666664	9.033333333333333	0.08034104653078424	2.9856214747013654	2.905280428170581
2011	WI	240.6	191.16666666666666	46.03333333333333	3.0	0.36666666666666664	0.03333333333333333	0.0	122.2	58.766666666666666	37.36666666666667	0.0	0.6666666666666666	177.83333333333334	59.8	2.3	0.05362765218160253	4.225795104654428	4.172167452472825
2011	WV	257.6666666666667	191.66666666666666	63.666666666666664	2.1333333333333333	0.2	0.0	0.0	111.6	64.66666666666667	39.4	2.2666666666666666	0.0	138.06666666666666	94.46666666666667	22.866666666666667	0.03086931738856091	4.604976572165517	4.574107254776957
2011	WY	294.94444444444446	230.11111111111111	62.94444444444444	1.5555555555555556	0.16666666666666666	0.16666666666666666	0.0	98.5	53.44444444444444	34.22222222222222	0.3333333333333333	3.7777777777777777	187.88888888888889	32.27777777777778	70.66666666666667	0.030693583890679752	4.204526158912678	4.173832575021998
2012	AK	301.25	258.75	36.5	2.625	3.125	0.25	0.0	96.25	50.875	22.0	1.375	0.0	95.5	153.25	51.125	0.031238674252002857	3.0192444638933695	2.9880057896413668
2012	AL	263.5882352941176	201.1764705882353	58.64705882352941	3.5294117647058822	0.23529411764705882	0.0	0.0	110.23529411764706	62.1764705882353	40.11764705882353	0.0	0.0	174.64705882352942	85.3529411764706	3.588235294117647	0.055055633662182836	3.9237804804385408	3.8687248467763578
2012	AR	207.07142857142858	146.64285714285714	56.57142857142857	3.5714285714285716	0.2857142857142857	0.0	0.0	103.42857142857143	64.42857142857143	40.857142857142854	0.0	2.642857142857143	123.28571428571429	81.14285714285714	0.0	0.06585734720371929	4.3089097544501715	4.243052407246452
2012	AZ	336.38461538461536	193.15384615384616	122.61538461538461	18.76923076923077	1.2307692307692308	0.3076923076923077	0.3076923076923077	170.46153846153845	80.15384615384616	46.61538461538461	0.0	3.0	188.3846153846154	22.46153846153846	122.53846153846153	0.09587551859496253	3.5284503797123574	3.432574861117395
2012	CA	349.72222222222223	202.5	113.75925925925925	25.85185185185185	6.833333333333333	0.37037037037037035	0.4074074074074074	288.7037037037037	87.87037037037037	48.7037037037037	0.14814814814814814	6.7592592592592595	219.5185185185185	110.75925925925925	12.537037037037036	0.23962513294083423	4.1808089930386645	3.9411838600978304
2012	CO	292.19354838709677	198.09677419354838	81.29032258064517	11.903225806451612	0.8709677419354839	0.03225806451612903	0.0	125.80645161290323	69.58064516129032	40.25806451612903	0.0967741935483871	8.806451612903226	203.19354838709677	15.483870967741936	64.61290322580645	0.07647113926778688	3.864997829710112	3.788526690442325
2012	CT	314.875	223.0	75.75	12.875	3.25	0.0	0.0	170.25	78.375	42.375	0.25	3.75	193.25	117.5	0.125	0.14653689032145595	5.391420911833684	5.244884021512228
2012	DE	358.0	237.33333333333334	101.0	16.333333333333332	3.3333333333333335	0.0	0.0	177.66666666666666	79.33333333333333	43.333333333333336	0.0	2.0	255.33333333333334	100.66666666666667	0.0	0.14996862150320303	5.394915702056754	5.244947080553551
2012	FL	352.9736842105263	300.2894736842105	50.973684210526315	1.5263157894736843	0.18421052631578946	0.0	0.0	112.63157894736842	53.86842105263158	36.94736842105263	0.0	0.34210526315789475	246.6578947368421	96.07894736842105	9.894736842105264	0.13740599284928176	4.747339580503011	4.609933587653729
2012	GA	293.71875	196.15625	93.71875	3.21875	0.59375	0.03125	0.0	125.21875	63.34375	42.96875	0.03125	4.125	114.125	174.15625	1.28125	0.07480856757955363	4.038780142723932	3.9639715751443787
2012	HI	361.5	268.0	93.0	0.0	0.5	0.0	0.0	92.75	52.0	36.25	4.0	3.75	32.25	320.25	1.25	0.15459450407062114	2.8603347752812347	2.7057402712106136
2012	IA	280.7368421052632	181.68421052631578	95.78947368421052	3.210526315789474	0.05263157894736842	0.0	0.0	106.78947368421052	68.42105263157895	42.36842105263158	0.0	0.5263157894736842	95.63157894736842	159.8421052631579	24.736842105263158	0.06847700113154652	4.346540553413348	4.278063552281802
2012	ID	341.85714285714283	281.5	52.642857142857146	3.5714285714285716	3.2142857142857144	0.9285714285714286	0.0	166.28571428571428	59.5	24.571428571428573	0.5	1.7857142857142858	40.0	234.0	65.57142857142857	0.06006074921775528	3.1642076805622357	3.1041469313444803
2012	IL	331.8695652173913	235.08695652173913	81.17391304347827	13.695652173913043	1.826086956521739	0.08695652173913043	0.0	154.7391304347826	80.1304347826087	41.04347826086956	0.13043478260869565	5.217391304347826	272.5652173913044	53.34782608695652	0.6086956521739131	0.09898424059366558	4.980691717273199	4.881707476679534
2012	IN	252.47222222222223	147.44444444444446	93.55555555555556	10.38888888888889	0.9166666666666666	0.16666666666666666	0.0	143.02777777777777	80.80555555555556	45.611111111111114	0.6388888888888888	0.6388888888888888	134.22222222222223	115.25	1.7222222222222223	0.08695243733548752	4.3267114187258535	4.239758981390366
2012	KS	296.0769230769231	218.3846153846154	63.46153846153846	13.307692307692308	0.9230769230769231	0.0	0.0	132.69230769230768	71.76923076923077	34.76923076923077	0.15384615384615385	6.461538461538462	211.53846153846155	37.38461538461539	40.53846153846154	0.05544128912791953	4.1630530738301985	4.107611784702279
2012	KY	295.51724137931035	205.48275862068965	77.89655172413794	10.758620689655173	1.2413793103448276	0.13793103448275862	0.0	150.9655172413793	75.55172413793103	42.44827586206897	0.06896551724137931	3.0	211.51724137931035	78.37931034482759	2.5517241379310347	0.06353320782391966	4.084097931584951	4.020564723761032
2012	LA	339.04545454545456	242.27272727272728	92.63636363636364	3.9545454545454546	0.18181818181818182	0.0	0.0	123.81818181818181	64.31818181818181	41.27272727272727	0.0	2.409090909090909	212.27272727272728	123.9090909090909	0.45454545454545453	0.04076707122794091	5.072494862081502	5.031727790853561
2012	MA	324.1666666666667	251.5	66.08333333333333	5.916666666666667	0.6666666666666666	0.0	0.0	146.66666666666666	61.666666666666664	38.333333333333336	0.0	8.5	183.16666666666666	132.33333333333334	0.16666666666666666	0.20658317785680252	5.814756941920445	5.608173764063642
2012	MD	313.3333333333333	196.2	100.86666666666666	13.2	2.8	0.26666666666666666	0.0	180.53333333333333	83.33333333333333	45.266666666666666	0.5333333333333333	6.6	200.26666666666668	105.73333333333333	0.2	0.17287441017217586	5.609066780228709	5.436192370056533
2012	ME	299.1818181818182	276.8181818181818	21.545454545454547	0.8181818181818182	0.0	0.0	0.0	95.9090909090909	49.36363636363637	34.0	0.09090909090909091	11.545454545454545	237.0	45.63636363636363	4.909090909090909	0.15604885656272088	5.002546375012917	4.846497518450197
2012	MI	247.64285714285714	174.89285714285714	54.42857142857143	16.142857142857142	1.9642857142857142	0.21428571428571427	0.0	163.17857142857142	87.28571428571429	40.17857142857143	0.0	1.4642857142857142	182.57142857142858	61.607142857142854	2.0	0.06670840232815364	4.234949436555465	4.168241034227312
2012	MN	295.1904761904762	241.9047619047619	52.285714285714285	0.9523809523809523	0.047619047619047616	0.0	0.0	101.38095238095238	55.095238095238095	33.38095238095238	0.7619047619047619	5.904761904761905	132.1904761904762	149.8095238095238	6.523809523809524	0.07002432111153715	4.34757109060259	4.277546769491052
2012	MO	287.76190476190476	173.28571428571428	95.52380952380952	16.761904761904763	2.1904761904761907	0.0	0.0	149.57142857142858	88.61904761904762	45.23809523809524	0.0	3.238095238095238	163.0	104.0	17.523809523809526	0.06799996063677212	4.029687476735278	3.9616875160985057
2012	MS	312.27272727272725	231.45454545454547	77.0909090909091	3.5454545454545454	0.18181818181818182	0.0	0.0	118.27272727272727	62.54545454545455	40.45454545454545	0.0	11.0	142.0909090909091	159.1818181818182	0.0	0.04084880424237339	4.148434316644256	4.107585512401882
2012	MT	278.57894736842104	213.57894736842104	58.36842105263158	4.0	2.4210526315789473	0.21052631578947367	0.0	116.36842105263158	58.89473684210526	28.36842105263158	0.05263157894736842	2.1578947368421053	71.05263157894737	185.94736842105263	19.36842105263158	0.03884522269832569	3.669407563896638	3.630562341198312
2012	NC	284.7111111111111	220.0222222222222	61.2	3.0	0.4444444444444444	0.044444444444444446	0.0	129.62222222222223	61.28888888888889	40.333333333333336	0.0	0.4	154.9777777777778	129.33333333333334	0.0	0.11353495594055901	4.302988667226597	4.1894537112860375
2012	ND	364.125	324.0	40.125	0.0	0.0	0.0	0.0	79.75	51.5	36.5	0.0	2.625	267.5	86.25	7.75	0.03129556485083663	4.966843157901084	4.935547593050248
2012	NE	221.45454545454547	165.27272727272728	53.45454545454545	2.6363636363636362	0.09090909090909091	0.0	0.0	95.9090909090909	58.18181818181818	33.36363636363637	2.1818181818181817	0.0	76.36363636363636	91.36363636363636	51.54545454545455	0.036830919049217536	3.9934635881934497	3.9566326691442324
2012	NH	325.85714285714283	265.7142857142857	57.57142857142857	2.5714285714285716	0.0	0.0	0.0	115.42857142857143	59.714285714285715	38.142857142857146	0.14285714285714285	0.0	262.2857142857143	63.42857142857143	0.0	0.17378318339539295	5.8354608909875685	5.661677707592175
2012	NJ	337.3125	244.375	79.9375	11.625	1.375	0.0	0.0	146.75	72.625	40.625	0.1875	25.1875	204.25	107.1875	0.5	0.12270727204885531	5.316833032344643	5.194125760295788
2012	NM	272.3888888888889	200.83333333333334	66.11111111111111	4.611111111111111	0.16666666666666666	0.16666666666666666	0.5	234.61111111111111	54.0	32.77777777777778	0.0	2.9444444444444446	172.05555555555554	70.66666666666667	26.72222222222222	0.08551142340277344	4.080061478375848	3.9945500549730744
2012	NV	258.0	173.6	74.5	8.5	0.6	0.0	0.8	178.4	63.3	36.2	9.2	2.9	148.2	20.9	76.8	0.07673732494996141	3.8616015158473376	3.7848641908973764
2012	NY	345.93939393939394	282.7878787878788	56.93939393939394	5.818181818181818	0.3939393939393939	0.0	0.0	125.33333333333333	57.878787878787875	36.09090909090909	0.3939393939393939	7.7272727272727275	254.3939393939394	83.42424242424242	0.0	0.13254491884182673	5.59548659676331	5.462941677921483
2012	OH	302.89473684210526	181.89473684210526	106.42105263157895	12.710526315789474	1.7894736842105263	0.07894736842105263	0.0	162.60526315789474	81.52631578947368	44.78947368421053	2.736842105263158	0.10526315789473684	163.31578947368422	127.44736842105263	9.289473684210526	0.07580345265168807	4.629178176220957	4.553374723569269
2012	OK	322.72727272727275	210.0909090909091	97.22727272727273	14.318181818181818	1.0454545454545454	0.045454545454545456	0.0	143.27272727272728	80.9090909090909	43.18181818181818	0.045454545454545456	3.3181818181818183	228.6818181818182	73.5	17.181818181818183	0.055970350151153425	4.911348107935268	4.855377757784114
2012	OR	344.5833333333333	288.4583333333333	53.375	1.9583333333333333	0.5833333333333334	0.041666666666666664	0.16666666666666666	128.0	56.125	27.416666666666668	0.0	0.2916666666666667	52.583333333333336	291.625	0.08333333333333333	0.15387110048691333	3.398428072647895	3.2445569721609813
2012	PA	356.5405405405405	224.54054054054055	119.43243243243244	11.54054054054054	1.027027027027027	0.0	0.0	147.56756756756758	74.32432432432432	44.54054054054054	0.08108108108108109	2.054054054054054	218.64864864864865	132.54054054054055	3.2162162162162162	0.0827500870077217	4.9188226792072625	4.836072592199541
2012	RI	342.6666666666667	270.0	63.333333333333336	8.333333333333334	1.0	0.0	0.0	161.66666666666666	62.666666666666664	39.0	0.0	1.0	217.66666666666666	124.0	0.0	0.17741096047412502	5.338991420477566	5.1615804600034405
2012	SC	269.42105263157896	212.8421052631579	55.26315789473684	1.2105263157894737	0.10526315789473684	0.0	0.0	108.94736842105263	58.31578947368421	39.63157894736842	0.2631578947368421	2.1578947368421053	151.6315789473684	93.36842105263158	22.0	0.08008588129171146	3.8312317612294797	3.751145879937768
2012	SD	337.77777777777777	254.88888888888889	81.11111111111111	1.6666666666666667	0.1111111111111111	0.0	0.0	105.55555555555556	62.333333333333336	38.888888888888886	0.0	10.444444444444445	195.66666666666666	97.0	34.666666666666664	0.0354243086970729	4.085124195656674	4.049699886959601
2012	TN	272.04347826086956	195.04347826086956	68.52173913043478	7.304347826086956	1.0434782608695652	0.13043478260869565	0.0	139.30434782608697	69.65217391304348	40.21739130434783	0.21739130434782608	22.08695652173913	186.47826086956522	43.52173913043478	19.73913043478261	0.0734490976067524	3.9104648707637195	3.837015773156967
2012	TX	342.3720930232558	250.1860465116279	82.6046511627907	8.209302325581396	1.0930232558139534	0.23255813953488372	0.046511627906976744	153.67441860465115	69.25581395348837	40.16279069767442	0.023255813953488372	2.883720930232558	205.74418604651163	132.48837209302326	1.2325581395348837	0.062246558274287704	5.736474797171576	5.674228238897289
2012	UT	337.6666666666667	211.6	117.33333333333333	8.4	0.3333333333333333	0.0	0.0	128.8	75.06666666666666	44.13333333333333	0.0	22.866666666666667	252.13333333333333	60.333333333333336	2.3333333333333335	0.08582423589628628	3.8984754345469237	3.8126511986506375
2012	VA	253.18421052631578	207.81578947368422	41.63157894736842	3.289473684210526	0.42105263157894735	0.02631578947368421	0.0	107.57894736842105	53.94736842105263	32.5	0.6578947368421053	42.05263157894737	133.81578947368422	65.71052631578948	10.947368421052632	0.12652322219631618	4.501452301916101	4.374929079719784
2012	VT	302.75	254.5	47.0	1.25	0.0	0.0	0.0	93.5	50.5	30.0	0.75	10.0	147.5	144.5	0.0	0.1889653396138963	5.583654939533547	5.3946895999196505
2012	WA	358.86206896551727	306.62068965517244	48.86206896551724	2.0	1.2758620689655173	0.06896551724137931	0.034482758620689655	123.58620689655173	52.62068965517241	26.275862068965516	0.06896551724137931	2.2758620689655173	42.827586206896555	309.7586206896552	3.9310344827586206	0.15445083161044715	3.315748108618741	3.161297277008294
2012	WI	252.96774193548387	183.70967741935485	57.935483870967744	9.32258064516129	2.0	0.0	0.0	139.70967741935485	73.25806451612904	37.25806451612903	0.0	0.45161290322580644	169.2258064516129	77.29032258064517	6.0	0.09684798107458578	4.685032539692668	4.5881845586180825
2012	WV	265.6666666666667	194.4	67.13333333333334	4.0	0.13333333333333333	0.0	0.0	122.46666666666667	68.33333333333333	39.93333333333333	2.4	0.0	146.2	90.93333333333334	26.133333333333333	0.053746266801503	4.8946521887026515	4.8409059219011485
2012	WY	293.05263157894734	208.52631578947367	80.47368421052632	3.473684210526316	0.5263157894736842	0.05263157894736842	0.0	121.15789473684211	62.421052631578945	36.68421052631579	0.05263157894736842	8.368421052631579	184.1578947368421	27.736842105263158	72.73684210526316	0.05415331099405262	4.6165683646971525	4.5624150537031
2013	AK	284.25	244.0	31.875	4.75	3.625	0.0	0.0	108.0	51.25	20.375	2.5	0.0	52.75	176.75	52.25	0.044565759887026164	3.056164400483112	3.0115986405960857
2013	AL	260.6666666666667	220.38888888888889	40.111111111111114	0.16666666666666666	0.0	0.0	0.0	86.05555555555556	52.94444444444444	37.388888888888886	0.0	0.05555555555555555	173.22222222222223	84.16666666666667	3.2222222222222223	0.05923731105032352	4.182668160630487	4.1234308495801635
2013	AR	247.0909090909091	193.54545454545453	53.09090909090909	0.45454545454545453	0.0	0.0	0.0	93.18181818181819	58.90909090909091	37.72727272727273	0.0	2.727272727272727	155.54545454545453	88.81818181818181	0.0	0.06954782433488672	4.635385134981082	4.565837310646195
2013	AZ	346.61538461538464	218.92307692307693	113.92307692307692	10.923076923076923	1.8461538461538463	0.6153846153846154	0.38461538461538464	240.84615384615384	74.46153846153847	44.30769230769231	0.0	1.7692307692307692	189.15384615384616	31.076923076923077	124.61538461538461	0.1191671571952961	3.9817463681930536	3.8625792109977577
2013	CA	346.2037037037037	191.0185185185185	127.12962962962963	22.685185185185187	5.0	0.2037037037037037	0.16666666666666666	219.2037037037037	87.03703703703704	49.425925925925924	0.2777777777777778	5.222222222222222	193.85185185185185	128.42592592592592	18.425925925925927	0.36518369729919303	4.891860975160781	4.526677277861588
2013	CO	304.43333333333334	216.43333333333334	80.3	6.966666666666667	0.6	0.1	0.03333333333333333	164.83333333333334	67.06666666666666	39.6	0.23333333333333334	8.5	220.13333333333333	17.433333333333334	58.13333333333333	0.10673176216387065	3.9751945048192288	3.868462742655358
2013	CT	315.0	213.375	91.75	8.0	1.875	0.0	0.0	156.75	70.75	44.0	0.125	5.75	175.25	133.875	0.0	0.17417546249976523	5.796170544741525	5.621995082241759
2013	DE	362.3333333333333	264.6666666666667	94.0	3.6666666666666665	0.0	0.0	0.0	123.0	63.333333333333336	42.0	0.0	2.0	229.66666666666666	130.66666666666666	0.0	0.2040155765382209	6.144225230814992	5.940209654276771
2013	FL	351.39473684210526	309.10526315789474	41.526315789473685	0.7368421052631579	0.0	0.02631578947368421	0.0	99.55263157894737	50.8421052631579	35.0	0.0	0.34210526315789475	225.60526315789474	114.84210526315789	10.605263157894736	0.16643508690889716	5.596316941205923	5.429881854297026
2013	GA	297.21875	228.34375	68.0	0.84375	0.03125	0.0	0.0	97.625	56.375	38.40625	0.03125	4.34375	110.8125	181.96875	0.0625	0.09598431328101517	4.499201531245167	4.403217217964152
2013	HI	364.25	280.0	84.25	0.0	0.0	0.0	0.0	73.0	49.0	32.25	1.25	18.0	35.25	309.0	0.75	0.22344774664694947	5.1818290766443	4.9583813299973505
2013	IA	279.42105263157896	195.42105263157896	82.84210526315789	1.1578947368421053	0.0	0.0	0.0	101.21052631578948	59.21052631578947	40.8421052631579	0.0	0.47368421052631576	89.78947368421052	165.68421052631578	23.473684210526315	0.08784790063916742	4.618761410536642	4.530913509897474
2013	ID	277.0769230769231	222.53846153846155	47.76923076923077	5.230769230769231	1.5384615384615385	0.0	0.0	122.38461538461539	53.46153846153846	25.53846153846154	0.15384615384615385	6.384615384615385	41.30769230769231	174.6153846153846	54.61538461538461	0.07464725648813615	3.3299681185222414	3.255320862034105
2013	IL	320.04347826086956	258.17391304347825	60.30434782608695	1.5217391304347827	0.043478260869565216	0.0	0.0	103.30434782608695	56.91304347826087	38.91304347826087	0.21739130434782608	3.5217391304347827	257.5652173913044	57.78260869565217	0.9565217391304348	0.11749140304117134	5.298712111675027	5.181220708633855
2013	IN	261.4166666666667	180.86111111111111	79.69444444444444	0.8055555555555556	0.05555555555555555	0.0	0.0	101.63888888888889	61.44444444444444	43.0	0.3888888888888889	3.4166666666666665	134.66666666666666	121.69444444444444	1.25	0.10922598365676549	4.494509556873935	4.38528357321717
2013	KS	277.61538461538464	231.84615384615384	44.84615384615385	0.9230769230769231	0.0	0.0	0.0	88.23076923076923	50.07692307692308	32.38461538461539	0.15384615384615385	3.769230769230769	188.84615384615384	45.38461538461539	39.46153846153846	0.07778124510552392	4.177761457494102	4.099980212388578
2013	KY	297.2758620689655	246.27586206896552	50.44827586206897	0.5517241379310345	0.0	0.0	0.0	93.3103448275862	53.06896551724138	38.48275862068966	0.10344827586206896	4.275862068965517	197.89655172413794	92.3103448275862	2.689655172413793	0.07871310953366686	4.160776531640997	4.08206342210733
2013	LA	340.6818181818182	266.8636363636364	72.04545454545455	1.6363636363636365	0.13636363636363635	0.0	0.0	114.36363636363636	57.0	38.63636363636363	0.0	2.8636363636363638	210.45454545454547	127.0909090909091	0.2727272727272727	0.048117018460220415	5.665906398283964	5.617789379823743
2013	MA	341.25	272.5833333333333	64.83333333333333	3.75	0.08333333333333333	0.0	0.0	120.08333333333333	57.916666666666664	38.333333333333336	0.0	4.333333333333333	205.91666666666666	130.58333333333334	0.4166666666666667	0.22714743246132527	6.217981606202718	5.990834173741393
2013	MD	312.53333333333336	232.8	76.93333333333334	2.8	0.0	0.0	0.0	116.86666666666666	64.46666666666667	42.06666666666667	0.0	5.733333333333333	194.46666666666667	112.2	0.13333333333333333	0.20549290080969024	6.261353874586448	6.055860973776758
2013	ME	306.6363636363636	278.1818181818182	26.272727272727273	2.1818181818181817	0.0	0.0	0.0	117.45454545454545	49.36363636363637	34.72727272727273	0.0	13.090909090909092	240.54545454545453	50.63636363636363	2.3636363636363638	0.15139323418012235	4.976999396959381	4.825606162779259
2013	MI	247.46428571428572	195.21428571428572	50.035714285714285	2.1785714285714284	0.03571428571428571	0.0	0.0	111.92857142857143	61.357142857142854	37.892857142857146	0.0	1.25	180.35714285714286	65.03571428571429	0.8214285714285714	0.09789431337911288	4.414039982897142	4.316145669518029
2013	MN	305.8	256.15	49.4	0.25	0.0	0.0	0.0	88.05	54.2	33.9	0.05	7.9	138.6	151.15	8.1	0.08405558438347688	4.567558211614027	4.48350262723055
2013	MO	290.7142857142857	213.52380952380952	75.52380952380952	1.619047619047619	0.047619047619047616	0.0	0.0	109.0952380952381	62.76190476190476	41.857142857142854	0.0	3.857142857142857	164.47619047619048	111.14285714285714	11.238095238095237	0.08955908179362419	4.234332187033948	4.144773105240324
2013	MS	311.6	265.6	45.4	0.6	0.0	0.0	0.0	98.8	53.4	37.3	0.0	11.8	193.8	106.0	0.0	0.05209144764603265	4.365797659467152	4.313706211821119
2013	MT	298.7894736842105	253.47368421052633	42.78947368421053	2.1578947368421053	0.3684210526315789	0.0	0.0	91.21052631578948	48.31578947368421	27.68421052631579	0.0	1.0	106.47368421052632	172.05263157894737	19.263157894736842	0.0468226552237806	3.4813931853816937	3.434570530157913
2013	NC	281.5652173913044	235.15217391304347	46.08695652173913	0.30434782608695654	0.021739130434782608	0.0	0.0	91.91304347826087	53.28260869565217	37.19565217391305	0.0	0.34782608695652173	145.47826086956522	135.58695652173913	0.15217391304347827	0.14103756496937522	4.753179948604681	4.612142383635306
2013	ND	363.44444444444446	325.77777777777777	37.55555555555556	0.1111111111111111	0.0	0.0	0.0	82.44444444444444	50.888888888888886	36.666666666666664	0.2222222222222222	3.5555555555555554	280.6666666666667	69.33333333333333	9.666666666666666	0.034018652433108615	5.068754555360046	5.034735902926937
2013	NE	205.36363636363637	173.36363636363637	31.454545454545453	0.5454545454545454	0.0	0.0	0.0	82.9090909090909	49.54545454545455	27.0	0.0	0.0	65.36363636363636	96.0909090909091	43.90909090909091	0.050123253832668316	3.9254197111100493	3.875296457277381
2013	NH	326.0	267.7142857142857	57.0	1.2857142857142858	0.0	0.0	0.0	103.28571428571429	57.42857142857143	37.857142857142854	0.14285714285714285	0.0	248.42857142857142	77.42857142857143	0.0	0.19824439429754043	6.2719602330535595	6.073715838756019
2013	NJ	338.625	262.9375	72.6875	2.8125	0.1875	0.0	0.0	122.9375	61.625	39.125	0.0625	28.1875	209.8125	100.4375	0.125	0.1565269713702634	6.146296047514046	5.989769076143782
2013	NM	274.1666666666667	204.05555555555554	65.16666666666667	3.6666666666666665	0.7222222222222222	0.1111111111111111	0.4444444444444444	139.5	56.888888888888886	33.5	0.0	2.5555555555555554	189.38888888888889	64.38888888888889	17.833333333333332	0.09944463109050108	4.392500478196447	4.293055847105946
2013	NV	289.5	202.2	75.8	6.8	2.6	0.7	1.4	209.7	63.8	37.5	0.0	0.8	141.4	59.1	88.2	0.09298574740323214	4.061506565313401	3.9685208179101688
2013	NY	354.3448275862069	302.37931034482756	50.44827586206897	1.4137931034482758	0.10344827586206896	0.0	0.0	106.55172413793103	53.37931034482759	35.44827586206897	1.0	10.758620689655173	244.6206896551724	97.96551724137932	0.0	0.15180888061090414	5.954900240617402	5.803091360006498
2013	OH	299.7368421052632	216.89473684210526	80.97368421052632	1.8157894736842106	0.05263157894736842	0.0	0.0	110.92105263157895	59.36842105263158	40.18421052631579	3.1315789473684212	0.47368421052631576	148.21052631578948	139.1315789473684	8.789473684210526	0.09769059239689935	4.9064326839218575	4.808742091524958
2013	OK	306.60869565217394	229.34782608695653	73.82608695652173	3.4347826086956523	0.0	0.0	0.0	110.34782608695652	63.30434782608695	39.26086956521739	0.0	3.6956521739130435	211.17391304347825	73.78260869565217	17.956521739130434	0.06975901812919509	5.130533350374046	5.060774332244851
2013	OR	345.3333333333333	264.8333333333333	72.54166666666667	5.75	1.9166666666666667	0.20833333333333334	0.08333333333333333	135.45833333333334	65.375	31.625	0.08333333333333333	0.2916666666666667	50.416666666666664	294.5	0.041666666666666664	0.19390690201568028	3.796595343080929	3.602688441065249
2013	PA	359.8157894736842	251.28947368421052	104.07894736842105	4.342105263157895	0.10526315789473684	0.0	0.0	124.5	64.10526315789474	42.473684210526315	0.02631578947368421	2.263157894736842	222.39473684210526	132.8421052631579	2.289473684210526	0.1032115783806875	5.084418326543472	4.981206748162784
2013	RI	362.3333333333333	291.3333333333333	64.0	6.666666666666667	0.3333333333333333	0.0	0.0	154.0	57.666666666666664	39.333333333333336	0.0	1.3333333333333333	208.33333333333334	152.33333333333334	0.3333333333333333	0.18936617851426935	5.8769142496751865	5.687548071160917
2013	SC	282.6842105263158	241.89473684210526	40.68421052631579	0.10526315789473684	0.0	0.0	0.0	84.05263157894737	50.78947368421053	35.78947368421053	0.05263157894736842	3.1578947368421053	149.73684210526315	109.52631578947368	20.210526315789473	0.09310979475039416	4.2219474639069405	4.128837669156546
2013	SD	335.55555555555554	273.77777777777777	61.666666666666664	0.1111111111111111	0.0	0.0	0.0	90.11111111111111	56.111111111111114	37.44444444444444	0.1111111111111111	2.6666666666666665	187.11111111111111	116.0	29.666666666666668	0.04954491048037144	4.148277263422661	4.09873235294229
2013	TN	265.96	214.0	51.56	0.4	0.0	0.0	0.0	86.88	54.84	38.4	0.12	5.92	150.96	94.16	14.8	0.08181061097851103	3.978019451710005	3.8962088407314943
2013	TX	344.09302325581393	263.3720930232558	74.67441860465117	5.604651162790698	0.4418604651162791	0.0	0.0	126.25581395348837	64.72093023255815	38.55813953488372	0.06976744186046512	3.395348837209302	206.7906976744186	132.7674418604651	1.069767441860465	0.0778137882824483	6.184419655869247	6.106605867586799
2013	UT	330.93333333333334	207.73333333333332	100.73333333333333	14.733333333333333	6.133333333333334	1.6	0.0	141.93333333333334	85.73333333333333	44.733333333333334	0.0	21.8	238.13333333333333	70.33333333333333	0.6666666666666666	0.10796712407888477	4.250057773913414	4.14209064983453
2013	VA	249.0	222.0	26.61111111111111	0.3888888888888889	0.0	0.0	0.0	83.66666666666667	46.30555555555556	31.11111111111111	1.0277777777777777	34.69444444444444	136.41666666666666	67.75	9.11111111111111	0.14775123107277313	4.748434524888281	4.600683293815508
2013	VT	302.5	254.0	47.25	1.25	0.0	0.0	0.0	103.75	50.75	30.25	0.25	4.25	136.0	162.0	0.0	0.20887160327063284	6.078826545684231	5.869954942413599
2013	WA	346.62068965517244	285.3448275862069	59.172413793103445	1.793103448275862	0.27586206896551724	0.0	0.034482758620689655	112.0	56.206896551724135	27.448275862068964	0.10344827586206896	0.10344827586206896	41.58620689655172	299.37931034482756	5.448275862068965	0.19893944531630758	3.6568149450921217	3.457875499775814
2013	WI	250.6875	195.5	53.84375	1.3125	0.0	0.03125	0.0	95.09375	56.71875	35.375	0.0	0.25	157.625	85.71875	7.09375	0.11670606295913566	5.00233433241524	4.885628269456104
2013	WV	267.53333333333336	223.33333333333334	43.46666666666667	0.7333333333333333	0.0	0.0	0.0	98.46666666666667	54.53333333333333	36.0	1.4666666666666666	0.0	141.33333333333334	97.2	27.533333333333335	0.0656199309681847	5.185050752747816	5.1194308217796305
2013	WY	318.1666666666667	258.05555555555554	59.27777777777778	0.7222222222222222	0.05555555555555555	0.0	0.05555555555555555	107.88888888888889	53.27777777777778	36.72222222222222	0.0	4.611111111111111	248.72222222222223	20.444444444444443	44.388888888888886	0.06527866441502278	4.321381747324051	4.2561030829090285
2014	AK	274.25	218.25	43.625	5.875	6.25	0.25	0.0	133.0	59.0	23.375	1.25	2.0	68.25	164.0	38.75	0.040981134960768766	3.1698094534448638	3.128828318484095
2014	AL	260.44444444444446	213.5	46.05555555555556	0.8888888888888888	0.0	0.0	0.0	93.33333333333333	55.666666666666664	38.166666666666664	0.0	0.3888888888888889	173.11111111111111	83.66666666666667	3.2777777777777777	0.04468114752213329	4.03795090400259	3.9932697564804562
2014	AR	250.1818181818182	208.36363636363637	41.54545454545455	0.2727272727272727	0.0	0.0	0.0	87.9090909090909	56.45454545454545	36.18181818181818	0.0	2.909090909090909	157.8181818181818	89.45454545454545	0.0	0.05024458633297007	4.796147029672998	4.745902443340028
2014	AZ	357.3076923076923	229.0	114.3076923076923	10.76923076923077	1.8461538461538463	0.46153846153846156	0.9230769230769231	203.69230769230768	72.92307692307692	43.61538461538461	0.0	1.6923076923076923	190.6153846153846	34.38461538461539	130.6153846153846	0.09347007898718848	4.246209892958439	4.152739813971251
2014	CA	344.462962962963	193.83333333333334	121.05555555555556	23.75925925925926	5.388888888888889	0.18518518518518517	0.24074074074074073	210.62962962962962	84.20370370370371	48.888888888888886	0.018518518518518517	5.0	207.5185185185185	117.77777777777777	14.148148148148149	0.3183552809190527	4.864758673955843	4.54640339303679
2014	CO	302.26666666666665	235.43333333333334	63.733333333333334	2.8333333333333335	0.23333333333333334	0.03333333333333333	0.0	104.56666666666666	56.5	36.5	0.06666666666666667	7.5	215.8	19.533333333333335	59.36666666666667	0.07651114689311077	4.008121510317638	3.9316103634245274
2014	CT	316.125	235.5	73.625	6.625	0.375	0.0	0.0	132.25	68.375	41.875	0.0	6.0	202.375	107.75	0.0	0.14966020467954683	5.673166459958793	5.523506255279246
2014	DE	364.6666666666667	253.66666666666666	106.66666666666667	4.0	0.3333333333333333	0.0	0.0	121.66666666666667	67.0	44.666666666666664	0.0	2.3333333333333335	218.33333333333334	144.0	0.0	0.14727064127768633	6.016858667760048	5.869588026482361
2014	FL	347.71794871794873	297.38461538461536	49.41025641025641	0.8717948717948718	0.05128205128205128	0.0	0.0	100.87179487179488	52.87179487179487	36.53846153846154	0.0	0.9230769230769231	238.4102564102564	100.25641025641026	8.128205128205128	0.12983649243328665	5.760743087110095	5.630906594676809
2014	GA	293.40625	210.46875	81.5625	1.34375	0.03125	0.0	0.0	103.46875	58.8125	40.9375	0.15625	4.78125	105.125	183.34375	0.0	0.0694823747595288	4.403364329216436	4.333881954456907
2014	HI	349.75	293.75	55.0	0.75	0.25	0.0	0.0	126.25	43.5	30.25	0.5	13.25	57.75	274.25	4.0	0.16954535989455044	5.166990058190413	4.997444698295862
2014	IA	279.94736842105266	199.8421052631579	79.05263157894737	1.0526315789473684	0.0	0.0	0.0	100.26315789473684	59.0	38.526315789473685	0.0	1.5789473684210527	84.63157894736842	168.10526315789474	25.63157894736842	0.06254207768507426	4.417448179344216	4.354906101659142
2014	ID	330.9	277.0	49.1	4.4	0.4	0.0	0.0	115.4	51.5	26.6	0.3	6.5	60.4	188.8	74.9	0.061087757348313704	3.3529063788795614	3.291818621531248
2014	IL	312.04347826086956	247.34782608695653	63.0	1.6956521739130435	0.0	0.0	0.0	104.52173913043478	58.34782608695652	38.95652173913044	0.0	3.1739130434782608	241.34782608695653	65.6086956521739	1.9130434782608696	0.09145539400730239	5.317430082115957	5.225974688108654
2014	IN	259.6666666666667	177.25641025641025	80.48717948717949	1.8461538461538463	0.07692307692307693	0.0	0.0	110.82051282051282	62.82051282051282	42.38461538461539	0.02564102564102564	4.615384615384615	119.53846153846153	134.35897435897436	1.1282051282051282	0.08067215441206319	4.211925656102602	4.131253501690539
2014	KS	285.5833333333333	238.0	46.416666666666664	1.0833333333333333	0.08333333333333333	0.0	0.0	100.83333333333333	49.75	32.333333333333336	0.0	4.333333333333333	194.16666666666666	46.666666666666664	40.416666666666664	0.05186757880021838	3.8419263058367283	3.79005872703651
2014	KY	295.44827586206895	237.31034482758622	57.62068965517241	0.4827586206896552	0.034482758620689655	0.0	0.0	95.89655172413794	56.724137931034484	38.96551724137931	0.13793103448275862	5.586206896551724	199.41379310344828	88.37931034482759	1.9310344827586208	0.05537431470053101	3.8949362819227384	3.8395619672222074
2014	LA	335.1363636363636	261.3181818181818	71.36363636363636	2.3636363636363638	0.09090909090909091	0.0	0.0	113.54545454545455	57.72727272727273	38.18181818181818	0.045454545454545456	4.7727272727272725	199.13636363636363	130.9090909090909	0.2727272727272727	0.03815608634411645	5.858587355122861	5.820431268778744
2014	MA	361.38461538461536	296.7692307692308	64.3076923076923	0.3076923076923077	0.0	0.0	0.0	95.23076923076923	54.69230769230769	38.46153846153846	0.0	5.3076923076923075	232.15384615384616	123.46153846153847	0.46153846153846156	0.20291893690977827	6.309518278538564	6.106599341628786
2014	MD	310.625	228.875	80.3125	1.4375	0.0	0.0	0.0	107.25	63.625	43.0625	0.0625	6.75	185.625	118.1875	0.0	0.15316389859926768	5.802296918063473	5.649133019464205
2014	ME	300.54545454545456	273.3636363636364	26.636363636363637	0.5454545454545454	0.0	0.0	0.0	93.27272727272727	49.09090909090909	34.36363636363637	0.2727272727272727	5.636363636363637	229.0	62.09090909090909	3.5454545454545454	0.11778230661426524	5.180058395590967	5.062276088976701
2014	MI	273.5	213.28571428571428	57.67857142857143	2.5	0.03571428571428571	0.0	0.0	111.21428571428571	61.714285714285715	38.464285714285715	0.03571428571428571	0.5	157.82142857142858	114.03571428571429	1.1071428571428572	0.06652399784125206	4.908279126885216	4.841755129043964
2014	MN	312.85714285714283	268.8095238095238	43.76190476190476	0.2857142857142857	0.0	0.0	0.0	92.85714285714286	52.333333333333336	31.761904761904763	0.0	8.523809523809524	127.14285714285714	169.0	8.19047619047619	0.06188475254568122	4.58517362157074	4.523288869025059
2014	MO	290.6666666666667	215.8095238095238	72.80952380952381	2.0476190476190474	0.0	0.0	0.0	106.9047619047619	61.80952380952381	40.23809523809524	0.0	5.619047619047619	159.0952380952381	111.9047619047619	14.047619047619047	0.05959468212897024	4.135529144485809	4.075934462356839
2014	MS	307.3	251.3	54.3	1.6	0.1	0.0	0.0	102.9	53.2	38.2	0.0	12.1	182.6	112.6	0.0	0.03393103351199004	4.165609597828413	4.131678564316423
2014	MT	304.8421052631579	258.8421052631579	43.89473684210526	1.9473684210526316	0.15789473684210525	0.0	0.0	111.94736842105263	49.36842105263158	27.105263157894736	0.0	1.0526315789473684	105.3157894736842	171.31578947368422	27.157894736842106	0.038806707152861816	3.6064299914390436	3.567623284286182
2014	NC	284.69565217391306	225.1086956521739	59.28260869565217	0.30434782608695654	0.0	0.0	0.0	91.19565217391305	57.0	39.80434782608695	0.0	0.5652173913043478	154.7391304347826	129.34782608695653	0.043478260869565216	0.09526956532818741	4.584775776196815	4.489506210868628
2014	ND	362.8888888888889	338.1111111111111	23.88888888888889	0.7777777777777778	0.0	0.1111111111111111	0.0	117.0	48.111111111111114	34.888888888888886	0.0	3.2222222222222223	293.3333333333333	56.111111111111114	10.222222222222221	0.029091771752311542	5.254795448034048	5.225703676281737
2014	NE	201.36363636363637	175.9090909090909	25.181818181818183	0.2727272727272727	0.0	0.0	0.0	82.0909090909091	46.72727272727273	25.454545454545453	0.0	0.0	66.72727272727273	94.45454545454545	40.18181818181818	0.03827501862592357	3.8109698052265197	3.772694786600596
2014	NH	333.57142857142856	282.14285714285717	50.285714285714285	1.1428571428571428	0.0	0.0	0.0	106.42857142857143	53.42857142857143	37.57142857142857	0.0	0.0	248.85714285714286	84.71428571428571	0.0	0.15430313055114614	6.768592462492629	6.614289331941483
2014	NJ	340.25	272.8125	64.5	2.8125	0.125	0.0	0.0	124.25	59.375	39.5625	0.1875	40.125	210.6875	89.0625	0.1875	0.14326666275050987	6.826177302480594	6.682910639730084
2014	NM	283.11764705882354	226.23529411764707	55.0	1.3529411764705883	0.29411764705882354	0.17647058823529413	0.058823529411764705	111.11764705882354	49.588235294117645	33.11764705882353	0.0	3.6470588235294117	200.05882352941177	65.11764705882354	14.294117647058824	0.07250523989733906	4.554859885459477	4.482354645562138
2014	NV	327.8888888888889	235.55555555555554	87.33333333333333	3.7777777777777777	0.6666666666666666	0.0	0.5555555555555556	213.88888888888889	65.44444444444444	41.0	0.0	1.0	176.55555555555554	81.55555555555556	68.77777777777777	0.08744096954037522	4.217037260977522	4.129596291437147
2014	NY	355.37931034482756	310.6551724137931	43.793103448275865	0.8620689655172413	0.06896551724137931	0.0	0.0	103.6896551724138	51.41379310344828	35.172413793103445	0.41379310344827586	9.758620689655173	243.79310344827587	101.41379310344827	0.0	0.13552141235875514	6.933509056863863	6.797987644505108
2014	OH	299.7105263157895	217.78947368421052	79.6842105263158	2.210526315789474	0.02631578947368421	0.0	0.0	109.8157894736842	60.63157894736842	40.421052631578945	3.236842105263158	1.8157894736842106	152.78947368421052	132.3421052631579	9.526315789473685	0.07789793407254984	5.008180253435298	4.930282319362748
2014	OK	334.09090909090907	260.90909090909093	71.86363636363636	1.2727272727272727	0.045454545454545456	0.0	0.0	106.13636363636364	59.0	38.95454545454545	0.0	4.2727272727272725	233.45454545454547	78.54545454545455	17.818181818181817	0.05202489815643494	5.227196455821655	5.17517155766522
2014	OR	345.5217391304348	290.17391304347825	51.95652173913044	2.782608695652174	0.6086956521739131	0.0	0.0	127.21739130434783	57.82608695652174	27.695652173913043	0.0	1.0434782608695652	55.04347826086956	289.30434782608694	0.13043478260869565	0.15663758817863965	3.8237572906708284	3.667119702492189
2014	PA	359.2631578947368	252.89473684210526	103.47368421052632	2.789473684210526	0.10526315789473684	0.0	0.0	111.21052631578948	61.55263157894737	42.81578947368421	0.13157894736842105	2.263157894736842	213.78947368421052	141.26315789473685	1.8157894736842106	0.08031826523447567	5.304249443151314	5.223931177916839
2014	RI	364.3333333333333	317.6666666666667	45.666666666666664	1.0	0.0	0.0	0.0	106.33333333333333	52.333333333333336	37.0	0.0	13.0	221.33333333333334	129.33333333333334	0.6666666666666666	0.15935766864300244	6.0844691167704665	5.925111448127464
2014	SC	285.0	236.10526315789474	48.73684210526316	0.10526315789473684	0.05263157894736842	0.0	0.0	89.15789473684211	53.421052631578945	38.05263157894737	0.10526315789473684	2.5789473684210527	154.73684210526315	106.36842105263158	21.210526315789473	0.0682299084787327	4.037074550605249	3.968844642126516
2014	SD	336.22222222222223	301.3333333333333	34.55555555555556	0.3333333333333333	0.0	0.0	0.0	90.88888888888889	49.888888888888886	33.22222222222222	0.1111111111111111	3.2222222222222223	198.88888888888889	76.55555555555556	57.44444444444444	0.033842950464393805	4.263452769497162	4.229609819032768
2014	TN	270.9583333333333	217.45833333333334	53.0	0.5	0.0	0.0	0.0	91.5	57.25	38.125	0.20833333333333334	5.875	158.58333333333334	90.625	15.666666666666666	0.06318768941336718	3.8774004486477254	3.814212759234358
2014	TX	339.93023255813955	266.16279069767444	71.34883720930233	2.255813953488372	0.16279069767441862	0.0	0.0	109.90697674418605	58.7906976744186	37.69767441860465	0.11627906976744186	4.0	202.13953488372093	132.67441860465115	1.0	0.05803561047162598	6.598015827496461	6.5399802170248345
2014	UT	333.1333333333333	251.2	76.26666666666667	5.2	0.4666666666666667	0.0	0.0	117.0	61.86666666666667	41.4	0.13333333333333333	19.466666666666665	259.53333333333336	52.86666666666667	1.1333333333333333	0.07923338099972159	4.097815924376845	4.018582543377123
2014	VA	260.9714285714286	230.68571428571428	29.942857142857143	0.3142857142857143	0.02857142857142857	0.0	0.0	78.68571428571428	46.25714285714286	31.82857142857143	5.428571428571429	40.4	134.77142857142857	70.97142857142858	9.4	0.09751319777010596	4.2768422470243	4.179329049254194
2014	VT	303.0	260.0	42.25	0.75	0.0	0.0	0.0	84.5	50.5	29.0	0.25	13.75	130.5	158.5	0.0	0.19665327714421688	6.989975475074627	6.79332219793041
2014	WA	343.3448275862069	300.55172413793105	40.96551724137931	1.5517241379310345	0.27586206896551724	0.0	0.0	104.82758620689656	49.89655172413793	25.17241379310345	0.2413793103448276	3.1724137931034484	42.51724137931034	288.13793103448273	9.275862068965518	0.14589990538257794	3.518900719231191	3.373000813848613
2014	WI	292.2307692307692	236.73076923076923	52.88461538461539	2.6153846153846154	0.0	0.0	0.0	113.46153846153847	58.61538461538461	38.38461538461539	0.0	0.8461538461538461	190.34615384615384	100.6923076923077	0.34615384615384615	0.0874362812658974	5.125022942517953	5.037586661252056
2014	WV	261.4	216.0	45.2	0.2	0.0	0.0	0.0	88.46666666666667	54.0	35.266666666666666	2.4	0.0	145.8	85.73333333333333	27.466666666666665	0.04839183993353805	5.267070385803151	5.218678545869612
2014	WY	309.89473684210526	266.57894736842104	42.78947368421053	0.42105263157894735	0.10526315789473684	0.0	0.0	88.94736842105263	48.578947368421055	35.05263157894737	0.05263157894736842	5.315789473684211	235.73684210526315	28.42105263157895	40.36842105263158	0.049876535143583034	4.482343318392234	4.432466783248651
2015	AK	255.625	205.875	40.5	3.75	5.125	0.375	0.0	99.125	53.75	23.125	0.375	0.375	79.0	158.0	17.875	0.03512367701321571	3.095972127272476	3.06084845025926
2015	AL	287.27777777777777	217.94444444444446	68.11111111111111	1.0555555555555556	0.16666666666666666	0.0	0.0	105.72222222222223	56.22222222222222	39.333333333333336	0.0	0.6666666666666666	137.66666666666666	145.72222222222223	3.2222222222222223	0.04269779861593875	4.242490968391284	4.199793169775345
2015	AR	248.27272727272728	208.63636363636363	39.45454545454545	0.18181818181818182	0.0	0.0	0.0	83.9090909090909	54.45454545454545	35.09090909090909	0.0	2.6363636363636362	157.72727272727272	87.9090909090909	0.0	0.03824839397030276	4.9387872820794065	4.900538888109104
2015	AZ	359.2307692307692	256.2307692307692	94.38461538461539	7.538461538461538	0.23076923076923078	0.07692307692307693	0.7692307692307693	173.69230769230768	66.23076923076923	40.46153846153846	0.0	3.3846153846153846	207.6153846153846	45.15384615384615	103.07692307692308	0.08355435590803459	4.413571090781876	4.330016734873841
2015	CA	344.2037037037037	197.6851851851852	120.31481481481481	21.09259259259259	4.574074074074074	0.24074074074074073	0.2962962962962963	242.46296296296296	84.53703703703704	49.425925925925924	0.07407407407407407	5.592592592592593	213.55555555555554	111.01851851851852	13.962962962962964	0.36733459139151764	5.349208203552988	4.98187361216147
2015	CO	289.96774193548384	225.93548387096774	60.516129032258064	3.2903225806451615	0.16129032258064516	0.06451612903225806	0.0	109.48387096774194	54.774193548387096	35.45161290322581	0.0967741935483871	9.35483870967742	202.19354838709677	19.612903225806452	58.70967741935484	0.07304954350086959	4.2181510525586905	4.145101509057821
2015	CT	317.625	234.125	71.75	10.5	1.25	0.0	0.0	149.5	70.5	41.0	0.25	5.875	205.75	105.375	0.375	0.11729199382717945	6.118366164885415	6.001074171058235
2015	DE	365.0	252.33333333333334	108.33333333333333	4.0	0.3333333333333333	0.0	0.0	129.0	69.66666666666667	43.666666666666664	0.0	2.6666666666666665	255.0	107.33333333333333	0.0	0.13593442200917352	6.388325596916317	6.252391174907144
2015	FL	353.05128205128204	315.43589743589746	37.46153846153846	0.15384615384615385	0.0	0.0	0.0	84.51282051282051	49.76923076923077	34.717948717948715	0.07692307692307693	0.8461538461538461	232.84615384615384	107.61538461538461	11.666666666666666	0.13682831247007599	6.2627613615208855	6.1259330490508095
2015	GA	294.4375	230.625	62.6875	0.96875	0.125	0.03125	0.0	106.5625	55.375	37.78125	0.03125	5.5625	115.9375	172.90625	0.0	0.08555463404779828	4.585410953285401	4.499856319237603
2015	HI	364.25	276.5	87.75	0.0	0.0	0.0	0.0	72.0	48.5	32.75	0.0	32.5	40.25	287.25	4.25	0.20924405502618937	5.163535485164528	4.954291430138339
2015	IA	280.94736842105266	212.42105263157896	67.94736842105263	0.47368421052631576	0.10526315789473684	0.0	0.0	104.84210526315789	55.68421052631579	37.31578947368421	0.0	0.8947368421052632	88.3157894736842	166.0	25.736842105263158	0.05649540092978757	4.485915036967801	4.429419636038013
2015	ID	280.4	230.95	41.15	5.6	2.35	0.3	0.05	161.5	53.85	24.75	0.2	2.55	28.9	230.75	18.0	0.055340317312976284	3.482534421838108	3.4271941045251317
2015	IL	315.9130434782609	253.82608695652175	60.95652173913044	1.0434782608695652	0.08695652173913043	0.0	0.0	103.95652173913044	56.91304347826087	39.52173913043478	0.0	3.130434782608696	228.8695652173913	82.82608695652173	1.0869565217391304	0.07785181792054385	5.303061967078714	5.22521014915817
2015	IN	265.02564102564105	194.28205128205127	69.41025641025641	1.1794871794871795	0.15384615384615385	0.0	0.0	107.46153846153847	59.61538461538461	40.0	0.07692307692307693	2.0256410256410255	127.8974358974359	133.71794871794873	1.3076923076923077	0.06434605182919988	4.146729793411669	4.082383741582469
2015	KS	310.90909090909093	268.72727272727275	41.72727272727273	0.45454545454545453	0.0	0.0	0.0	97.0	50.18181818181818	32.18181818181818	0.0	3.090909090909091	220.27272727272728	46.81818181818182	40.72727272727273	0.03993997987202987	3.641355528318701	3.6014155484466714
2015	KY	302.07142857142856	245.96428571428572	54.392857142857146	1.5714285714285714	0.14285714285714285	0.0	0.0	101.75	55.964285714285715	39.32142857142857	0.25	4.0	198.28571428571428	98.67857142857143	0.8571428571428571	0.044964742995227895	3.83770793320972	3.7927431902144924
2015	LA	315.1818181818182	252.27272727272728	61.09090909090909	1.6818181818181819	0.13636363636363635	0.0	0.0	108.0909090909091	56.0	36.68181818181818	0.13636363636363635	4.2272727272727275	190.86363636363637	119.63636363636364	0.3181818181818182	0.03533109647269155	6.253104887874673	6.2177737914019815
2015	MA	352.15384615384613	294.15384615384613	56.0	1.9230769230769231	0.07692307692307693	0.0	0.0	119.0	54.69230769230769	36.23076923076923	0.0	9.384615384615385	226.30769230769232	116.38461538461539	0.07692307692307693	0.16497227110397855	6.810375469592143	6.645403198488164
2015	MD	315.4375	219.875	91.875	3.5	0.1875	0.0	0.0	124.9375	68.1875	43.4375	0.0625	16.25	186.1875	112.875	0.0625	0.1420542876062513	6.5983293926139295	6.456275105007678
2015	ME	282.8333333333333	246.08333333333334	36.083333333333336	0.6666666666666666	0.0	0.0	0.0	98.83333333333333	49.25	33.75	0.0	1.9166666666666667	191.33333333333334	88.16666666666667	1.4166666666666667	0.11282949934741676	5.439081419382615	5.326251920035198
2015	MI	275.5357142857143	219.53571428571428	53.607142857142854	2.2857142857142856	0.10714285714285714	0.0	0.0	116.35714285714286	59.42857142857143	38.357142857142854	0.0	0.4642857142857143	162.92857142857142	111.0	1.1428571428571428	0.05843901221430513	5.046615746367111	4.988176734152806
2015	MN	316.9047619047619	281.3333333333333	34.523809523809526	1.0	0.047619047619047616	0.0	0.0	110.38095238095238	48.476190476190474	31.428571428571427	0.0	5.0	137.42857142857142	161.47619047619048	13.0	0.04870629813667615	4.465261690127432	4.416555391990755
2015	MO	288.6190476190476	229.04761904761904	58.285714285714285	1.1904761904761905	0.09523809523809523	0.0	0.0	102.76190476190476	57.80952380952381	38.95238095238095	0.0	6.333333333333333	159.85714285714286	106.0	16.428571428571427	0.05318366803454527	4.157273164852515	4.104089496817969
2015	MS	295.6363636363636	249.1818181818182	46.27272727272727	0.18181818181818182	0.0	0.0	0.0	87.0	51.72727272727273	35.63636363636363	0.0	7.818181818181818	166.36363636363637	121.45454545454545	0.0	0.027919069893676943	4.17876508898674	4.150846019093063
2015	MT	307.7894736842105	253.42105263157896	45.63157894736842	4.526315789473684	4.052631578947368	0.15789473684210525	0.0	172.21052631578948	53.94736842105263	28.473684210526315	0.5263157894736842	1.631578947368421	99.10526315789474	177.3684210526316	29.157894736842106	0.047447243786186075	4.016352805856969	3.968905562070783
2015	NC	275.29545454545456	221.36363636363637	53.45454545454545	0.4772727272727273	0.0	0.0	0.0	88.20454545454545	56.90909090909091	38.84090909090909	0.0	0.5909090909090909	158.86363636363637	115.81818181818181	0.022727272727272728	0.09285272984326481	4.762705257194352	4.669852527351087
2015	ND	364.3	321.1	37.1	4.6	1.5	0.0	0.0	150.0	51.4	32.8	0.0	2.8	249.7	67.7	44.1	0.02914186800715766	5.502567835144291	5.473425967137133
2015	NE	209.0	183.36363636363637	25.363636363636363	0.2727272727272727	0.0	0.0	0.0	84.36363636363636	44.09090909090909	26.0	0.09090909090909091	0.0	65.18181818181819	105.27272727272727	38.45454545454545	0.03270526495123669	3.986895058574511	3.9541897936232746
2015	NH	341.2857142857143	293.2857142857143	46.142857142857146	1.7142857142857142	0.14285714285714285	0.0	0.0	119.14285714285714	53.57142857142857	37.42857142857143	0.0	0.0	268.42857142857144	72.85714285714286	0.0	0.13717098993451995	7.520599525594891	7.383428535660371
2015	NJ	341.5625	257.1875	77.5625	6.5625	0.25	0.0	0.0	132.8125	67.375	39.625	0.0	39.4375	219.125	82.375	0.625	0.1261612573697259	7.747499138661985	7.621337881292259
2015	NM	283.125	228.125	53.8125	1.0625	0.125	0.0	0.0	88.3125	47.3125	30.25	0.0	5.6875	184.125	67.8125	25.5	0.06790161754160907	4.645247936425359	4.57734631888375
2015	NV	336.3333333333333	250.88888888888889	79.66666666666667	5.333333333333333	0.4444444444444444	0.0	0.0	133.22222222222223	64.77777777777777	39.55555555555556	0.0	2.5555555555555554	194.77777777777777	70.33333333333333	68.66666666666667	0.07967730928038519	4.384903153064804	4.305225843784418
2015	NY	352.2413793103448	295.9655172413793	53.58620689655172	2.689655172413793	0.0	0.0	0.0	111.72413793103448	54.758620689655174	35.724137931034484	0.13793103448275862	11.448275862068966	240.51724137931035	100.13793103448276	0.0	0.1205421245593601	7.500645148857945	7.380103024298585
2015	OH	298.15384615384613	223.15384615384616	72.48717948717949	2.4871794871794872	0.02564102564102564	0.0	0.0	108.76923076923077	61.1025641025641	39.05128205128205	0.28205128205128205	6.461538461538462	157.97435897435898	123.56410256410257	9.871794871794872	0.06780952211376673	5.095983396510149	5.028173874396382
2015	OK	303.1304347826087	254.95652173913044	47.82608695652174	0.30434782608695654	0.043478260869565216	0.0	0.0	96.95652173913044	52.69565217391305	35.65217391304348	0.0	5.260869565217392	202.30434782608697	74.34782608695652	21.217391304347824	0.038733067712060594	5.539932734502127	5.5011996667900664
2015	OR	345.95652173913044	282.6521739130435	56.47826086956522	4.478260869565218	2.3043478260869565	0.043478260869565216	0.0	165.47826086956522	60.73913043478261	28.869565217391305	0.0	2.3043478260869565	57.73913043478261	285.7391304347826	0.17391304347826086	0.1540231265784266	4.141150992890908	3.9871278663124814
2015	PA	361.0810810810811	248.54054054054055	108.05405405405405	4.324324324324325	0.16216216216216217	0.0	0.0	118.16216216216216	66.45945945945945	42.62162162162162	0.0	2.4054054054054053	224.78378378378378	131.97297297297297	1.9189189189189189	0.07162136287129711	5.429214108837552	5.357592745966255
2015	RI	361.0	286.3333333333333	69.66666666666667	4.0	1.0	0.0	0.0	161.0	58.666666666666664	39.666666666666664	0.0	20.666666666666668	195.66666666666666	144.33333333333334	0.3333333333333333	0.14868234159748694	6.634989637729535	6.486307296132048
2015	SC	295.3157894736842	257.89473684210526	37.21052631578947	0.21052631578947367	0.0	0.0	0.0	84.36842105263158	51.0	35.89473684210526	0.0	1.5789473684210527	194.21052631578948	83.26315789473684	16.263157894736842	0.06402469178809071	4.101194217082381	4.03716952529429
2015	SD	338.7	293.9	43.1	1.6	0.1	0.0	0.0	120.4	50.8	33.3	0.0	3.7	162.1	144.7	28.2	0.029897831229843554	4.5327993295366955	4.502901498306852
2015	TN	259.0	214.66666666666666	43.833333333333336	0.5	0.0	0.0	0.0	89.375	54.875	36.333333333333336	0.25	6.041666666666667	154.08333333333334	81.95833333333333	16.666666666666668	0.057070857124299094	4.0883445560117515	4.0312736988874525
2015	TX	349.7560975609756	274.1707317073171	69.6829268292683	5.146341463414634	0.7317073170731707	0.024390243902439025	0.0	122.36585365853658	62.34146341463415	37.146341463414636	0.024390243902439025	4.414634146341464	219.78048780487805	125.02439024390245	0.5121951219512195	0.053636197568678434	6.961850597602388	6.908214400033709
2015	UT	341.42857142857144	250.28571428571428	85.0	5.857142857142857	0.2857142857142857	0.0	0.0	126.64285714285714	65.42857142857143	40.5	0.0	12.214285714285714	265.35714285714283	61.857142857142854	2.0	0.06997341884666188	4.0859142316274255	4.015940812780763
2015	VA	260.74285714285713	228.0	32.22857142857143	0.5142857142857142	0.0	0.0	0.0	79.91428571428571	47.77142857142857	32.2	1.2571428571428571	35.34285714285714	141.34285714285716	73.88571428571429	8.914285714285715	0.08831403126395392	4.448393689048829	4.360079657784875
2015	VT	301.75	256.0	45.0	0.75	0.0	0.0	0.0	95.0	50.75	29.0	0.0	14.75	140.5	146.5	0.0	0.19193104245416975	7.648205493719852	7.456274451265682
2015	WA	345.9310344827586	292.86206896551727	48.13793103448276	3.6206896551724137	1.0344827586206897	0.06896551724137931	0.20689655172413793	152.6551724137931	53.51724137931034	27.17241379310345	0.10344827586206896	2.689655172413793	47.44827586206897	290.2068965517241	5.482758620689655	0.1442329535910398	3.6445646405195564	3.500331686928517
2015	WI	288.74074074074076	244.44444444444446	42.51851851851852	1.7037037037037037	0.07407407407407407	0.0	0.0	109.07407407407408	57.51851851851852	37.55555555555556	0.0	0.7407407407407407	198.96296296296296	88.77777777777777	0.25925925925925924	0.0735996368434943	5.092544991037095	5.018945354193601
2015	WV	260.06666666666666	215.26666666666668	43.86666666666667	0.8666666666666667	0.06666666666666667	0.0	0.0	99.66666666666667	56.53333333333333	35.666666666666664	1.8	0.0	146.4	83.2	28.666666666666668	0.04052511316621803	5.451487197621874	5.410962084455655
2015	WY	309.36842105263156	262.7894736842105	45.421052631578945	0.9473684210526315	0.21052631578947367	0.0	0.0	110.26315789473684	51.31578947368421	34.78947368421053	0.05263157894736842	1.5789473684210527	236.31578947368422	29.36842105263158	42.05263157894737	0.04204391460699313	4.778765943435784	4.73672202882879
2016	AK	285.2857142857143	236.85714285714286	39.857142857142854	5.285714285714286	3.2857142857142856	0.0	0.0	88.42857142857143	52.857142857142854	24.142857142857142	0.0	0.7142857142857143	105.71428571428571	150.57142857142858	28.285714285714285	0.017610743934538715	2.2473448664954807	2.229734122560942
2016	AL	277.55555555555554	218.44444444444446	57.5	1.3333333333333333	0.2777777777777778	0.0	0.0	111.44444444444444	54.77777777777778	39.44444444444444	0.0	0.8888888888888888	156.16666666666666	116.77777777777777	3.7222222222222223	0.027648330753803508	3.4455498986753645	3.417901567921561
2016	AR	252.54545454545453	219.9090909090909	32.36363636363637	0.18181818181818182	0.09090909090909091	0.0	0.0	83.54545454545455	52.36363636363637	36.36363636363637	0.0	2.3636363636363638	165.54545454545453	84.63636363636364	0.0	0.029283992038365316	3.5518124893057137	3.5225284972673485
2016	AZ	363.6923076923077	250.76923076923077	104.15384615384616	7.923076923076923	0.5384615384615384	0.15384615384615385	0.15384615384615385	228.15384615384616	65.46153846153847	42.53846153846154	0.0	2.769230769230769	209.69230769230768	36.84615384615385	114.38461538461539	0.06435380504750685	3.6458653304471076	3.5815115253996006
2016	CA	351.85185185185185	215.16666666666666	108.37037037037037	22.72222222222222	4.592592592592593	0.4074074074074074	0.5925925925925926	270.2037037037037	82.44444444444444	46.388888888888886	0.037037037037037035	4.537037037037037	220.2962962962963	110.81481481481481	16.166666666666668	0.2613383707936355	4.484464466415046	4.223126095621411
2016	CO	288.125	227.625	57.78125	2.5	0.1875	0.03125	0.0	103.65625	53.71875	35.15625	0.03125	8.625	195.78125	24.78125	58.90625	0.056788930551158454	3.069303680534096	3.0125147499829374
2016	CT	316.125	245.125	60.5	8.5	2.0	0.0	0.0	164.625	70.0	40.25	0.125	11.5	220.0	84.5	0.0	0.10530663072706228	5.216552575381518	5.111245944654455
2016	DE	365.3333333333333	276.0	84.33333333333333	4.666666666666667	0.3333333333333333	0.0	0.0	139.66666666666666	65.33333333333333	41.333333333333336	0.0	4.666666666666667	271.3333333333333	89.33333333333333	0.0	0.12221431096623837	5.380425498121487	5.258211187155249
2016	FL	354.28205128205127	311.2564102564103	42.58974358974359	0.358974358974359	0.07692307692307693	0.0	0.0	95.58974358974359	51.51282051282051	37.205128205128204	0.358974358974359	1.0256410256410255	242.66666666666666	98.58974358974359	11.64102564102564	0.08573055711052939	5.401203537311468	5.315472980200939
2016	GA	285.28125	224.40625	57.53125	2.875	0.46875	0.0	0.0	129.28125	57.75	38.46875	0.0	1.46875	129.34375	154.46875	0.0	0.03600121437366489	3.734650040265525	3.69864882589186
2016	HI	364.0	269.75	92.75	1.5	0.0	0.0	0.0	90.25	46.5	31.75	0.0	15.5	70.5	272.75	5.25	0.11280553244620391	7.2394753590246825	7.126669826578478
2016	IA	282.2105263157895	221.31578947368422	60.31578947368421	0.47368421052631576	0.10526315789473684	0.0	0.0	97.94736842105263	53.473684210526315	35.578947368421055	0.0	0.42105263157894735	88.94736842105263	166.1578947368421	26.68421052631579	0.03994453029208284	3.2082006559572744	3.1682561256651915
2016	ID	322.35	275.3	43.4	3.35	0.3	0.0	0.0	107.1	52.5	24.55	0.0	1.2	32.95	280.9	7.3	0.047456125547315375	2.6350444352841205	2.5875883097368053
2016	IL	319.69565217391306	260.7826086956522	55.47826086956522	3.347826086956522	0.08695652173913043	0.0	0.0	115.34782608695652	57.130434782608695	38.43478260869565	0.0	3.739130434782609	234.3913043478261	80.8695652173913	0.6956521739130435	0.05573732746761047	3.786270114234032	3.7305327867664215
2016	IN	271.05405405405406	213.1081081081081	55.13513513513514	2.7567567567567566	0.02702702702702703	0.02702702702702703	0.0	113.35135135135135	61.486486486486484	37.78378378378378	0.08108108108108109	1.7027027027027026	142.56756756756758	125.64864864864865	1.054054054054054	0.04400075102695155	3.345147129972088	3.3011463789451367
2016	KS	314.6363636363636	284.54545454545456	29.636363636363637	0.36363636363636365	0.09090909090909091	0.0	0.0	104.72727272727273	48.18181818181818	31.90909090909091	0.0	2.909090909090909	224.54545454545453	43.90909090909091	43.27272727272727	0.027823908109390217	2.2394789346010837	2.2116550264916937
2016	KY	306.2857142857143	247.32142857142858	57.25	1.5714285714285714	0.14285714285714285	0.0	0.0	111.71428571428571	56.964285714285715	39.785714285714285	0.14285714285714285	2.107142857142857	198.92857142857142	104.28571428571429	0.8214285714285714	0.0300396115547525	2.8301130699850603	2.8000734584303077
2016	LA	329.1363636363636	279.22727272727275	48.95454545454545	0.9545454545454546	0.0	0.0	0.0	97.0	52.68181818181818	37.18181818181818	0.0	3.5	221.0	104.18181818181819	0.45454545454545453	0.016799374071537383	4.451719885084702	4.434920511013165
2016	MA	363.0	320.0	40.61538461538461	2.230769230769231	0.15384615384615385	0.0	0.0	121.07692307692308	51.92307692307692	35.76923076923077	0.0	7.230769230769231	272.0	83.6923076923077	0.07692307692307693	0.14244749173052448	6.009010755824375	5.86656326409385
2016	MD	317.625	239.125	72.625	5.375	0.4375	0.0625	0.0	130.9375	67.0625	41.1875	0.125	12.6875	201.6875	103.0	0.125	0.11509414273843917	5.723984332598739	5.6088901898603005
2016	ME	329.45454545454544	303.45454545454544	25.454545454545453	0.45454545454545453	0.09090909090909091	0.0	0.0	98.36363636363636	48.36363636363637	32.09090909090909	0.0	8.0	209.63636363636363	110.72727272727273	1.0909090909090908	0.08034829366876403	4.3235685179733965	4.243220224304633
2016	MI	274.35714285714283	223.75	44.642857142857146	5.892857142857143	0.07142857142857142	0.0	0.0	123.10714285714286	60.964285714285715	36.714285714285715	0.0	0.75	176.21428571428572	96.35714285714286	1.0357142857142858	0.04653196567095362	4.378745133759821	4.332213168088868
2016	MN	335.45	306.2	28.65	0.55	0.05	0.0	0.0	102.55	46.15	28.6	0.05	6.4	153.8	159.25	15.95	0.038008137491726865	3.2433103170673077	3.2053021795755807
2016	MO	290.2857142857143	244.95238095238096	43.57142857142857	1.6666666666666667	0.09523809523809523	0.0	0.0	104.52380952380952	56.19047619047619	37.57142857142857	0.0	7.285714285714286	175.42857142857142	94.19047619047619	13.380952380952381	0.040073251201194426	3.092956242841658	3.0528829916404634
2016	MS	287.8181818181818	251.8181818181818	35.90909090909091	0.09090909090909091	0.0	0.0	0.0	85.18181818181819	51.54545454545455	36.90909090909091	0.0	5.2727272727272725	177.72727272727272	104.81818181818181	0.0	0.016008968155690976	2.9388866410600074	2.9228776729043164
2016	MT	307.94736842105266	268.63157894736844	36.31578947368421	2.6842105263157894	0.2631578947368421	0.0	0.05263157894736842	116.6842105263158	45.73684210526316	26.736842105263158	0.15789473684210525	1.368421052631579	110.52631578947368	170.47368421052633	25.42105263157895	0.027289227248026963	2.643513092905871	2.616223865657844
2016	NC	295.6388888888889	241.11111111111111	52.416666666666664	1.6388888888888888	0.4722222222222222	0.0	0.0	115.0	56.888888888888886	39.05555555555556	0.0	0.8333333333333334	192.47222222222223	96.52777777777777	5.805555555555555	0.05665009863357155	3.8458099304550415	3.78915983182147
2016	ND	362.7	350.8	11.7	0.2	0.0	0.0	0.0	92.4	42.0	29.9	0.0	2.2	276.8	40.4	43.3	0.02481547048974102	3.385187894199499	3.360372423709758
2016	NE	212.8	191.8	20.5	0.5	0.0	0.0	0.0	78.2	44.4	25.4	0.0	0.0	75.1	100.3	37.4	0.02019286897175265	2.59904621921027	2.5788533502385174
2016	NH	349.14285714285717	315.0	32.714285714285715	1.4285714285714286	0.0	0.0	0.0	99.85714285714286	50.857142857142854	36.0	0.0	0.0	306.85714285714283	42.285714285714285	0.0	0.12206361804170245	6.757326870626615	6.635263252584913
2016	NJ	344.4375	261.75	77.375	4.9375	0.375	0.0	0.0	137.4375	62.9375	39.625	0.125	26.25	202.3125	115.0625	0.6875	0.12087908250884598	7.397598001328168	7.276718918819322
2016	NM	284.75	228.1875	55.125	1.125	0.25	0.0	0.0625	119.5625	47.1875	30.5625	0.0	1.25	185.3125	67.0625	31.125	0.04110754607266321	3.1261352244096448	3.0850276783369814
2016	NV	356.55555555555554	279.6666666666667	72.55555555555556	4.111111111111111	0.0	0.1111111111111111	0.1111111111111111	151.0	59.111111111111114	36.77777777777778	0.0	4.777777777777778	209.66666666666666	63.111111111111114	79.0	0.05450340710728333	3.358563538082821	3.3040601309755377
2016	NY	351.7586206896552	308.41379310344826	40.206896551724135	3.0689655172413794	0.06896551724137931	0.0	0.0	119.03448275862068	52.793103448275865	34.827586206896555	0.13793103448275862	11.96551724137931	255.48275862068965	84.17241379310344	0.0	0.10168803892396683	6.555821519365565	6.454133480441598
2016	OH	305.84615384615387	239.17948717948718	63.15384615384615	3.5128205128205128	0.0	0.0	0.0	109.8974358974359	60.02564102564103	38.282051282051285	0.10256410256410256	9.128205128205128	171.66666666666666	116.38461538461539	8.564102564102564	0.05038118976985533	4.3100683407878995	4.259687151018044
2016	OK	320.68	279.2	40.96	0.48	0.04	0.0	0.0	92.8	50.0	36.2	0.0	16.96	217.4	57.08	29.24	0.026818551057352195	4.01058871967373	3.9837701686163776
2016	OR	343.45454545454544	305.40909090909093	37.68181818181818	0.3181818181818182	0.045454545454545456	0.0	0.0	90.81818181818181	49.81818181818182	24.636363636363637	0.0	2.772727272727273	65.54545454545455	274.72727272727275	0.4090909090909091	0.11931509274059976	3.2894709428010978	3.170155850060498
2016	PA	360.6756756756757	266.2972972972973	90.10810810810811	4.216216216216216	0.02702702702702703	0.02702702702702703	0.0	126.0	61.486486486486484	41.4054054054054	0.02702702702702703	1.3243243243243243	239.0810810810811	119.13513513513513	1.1081081081081081	0.05847115589687654	4.545974160658187	4.487503004761311
2016	RI	360.3333333333333	307.0	49.0	4.0	0.3333333333333333	0.0	0.0	146.0	54.333333333333336	37.0	0.0	15.333333333333334	213.0	132.0	0.0	0.13008749529613775	6.060517349274441	5.930429853978303
2016	SC	294.0	252.4	39.9	1.15	0.55	0.0	0.0	115.8	51.5	37.3	0.0	0.6	192.1	85.0	16.3	0.03680382558491988	3.401374944101666	3.364571118516746
2016	SD	339.6	312.8	26.2	0.6	0.0	0.0	0.0	90.1	47.0	30.9	0.0	5.0	185.8	105.8	43.0	0.027640874296703213	2.9521370662622375	2.924496191965534
2016	TN	239.41666666666666	194.91666666666666	42.458333333333336	1.625	0.4166666666666667	0.0	0.0	111.375	54.708333333333336	36.583333333333336	0.08333333333333333	4.208333333333333	159.29166666666666	73.95833333333333	1.875	0.0358706732749122	3.3634488207204956	3.3275781474455832
2016	TX	343.42857142857144	290.73809523809524	50.69047619047619	1.9047619047619047	0.09523809523809523	0.0	0.0	104.97619047619048	54.26190476190476	36.166666666666664	0.023809523809523808	4.095238095238095	227.52380952380952	111.47619047619048	0.30952380952380953	0.03365599518279881	4.846462115265834	4.812806120083035
2016	UT	325.2142857142857	237.42857142857142	79.35714285714286	7.214285714285714	1.0714285714285714	0.14285714285714285	0.0	124.85714285714286	63.42857142857143	39.5	0.0	12.714285714285714	251.57142857142858	60.0	0.9285714285714286	0.06637903868526907	3.096060874159094	3.029681835473825
2016	VA	254.85294117647058	227.7941176470588	25.970588235294116	1.088235294117647	0.0	0.0	0.0	91.26470588235294	45.88235294117647	30.029411764705884	1.2058823529411764	31.08823529411765	139.97058823529412	71.70588235294117	10.882352941176471	0.06942275734377656	3.6527598188476635	3.583337061503887
2016	VT	301.5	279.75	21.5	0.25	0.0	0.0	0.0	83.0	42.75	29.0	0.0	3.0	217.0	81.5	0.0	0.18624076875599857	6.555732593263791	6.369491824507793
2016	WA	348.7586206896552	317.44827586206895	30.344827586206897	0.7931034482758621	0.1724137931034483	0.0	0.0	88.17241379310344	44.241379310344826	24.103448275862068	0.034482758620689655	4.0344827586206895	53.3448275862069	287.44827586206895	3.896551724137931	0.11326951996026247	2.724379219160465	2.6111096992002025
2016	WI	282.9259259259259	243.25925925925927	35.851851851851855	3.5555555555555554	0.25925925925925924	0.0	0.0	118.5925925925926	57.55555555555556	35.96296296296296	0.0	1.3333333333333333	195.40740740740742	85.88888888888889	0.2962962962962963	0.06137709482622769	3.8459195061726317	3.784542411346404
2016	WV	272.57142857142856	237.78571428571428	34.07142857142857	0.7142857142857143	0.0	0.0	0.0	95.85714285714286	52.57142857142857	35.42857142857143	4.928571428571429	0.0	160.5	83.21428571428571	23.928571428571427	0.034405349707780836	4.140696068007408	4.106290718299627
2016	WY	329.3888888888889	286.22222222222223	42.94444444444444	0.16666666666666666	0.05555555555555555	0.0	0.0	94.77777777777777	51.05555555555556	37.27777777777778	0.0	1.7777777777777777	267.05555555555554	16.055555555555557	44.5	0.033327160267791534	2.800744665136023	2.7674175048682317
